#VRML V2.0 utf8
WorldInfo {
title "HOG!"
info [
"made by LSS May 2003"
]
}
Transform {
children [
Group {
children [
Transform {
translation -2.84571 -0.72693 0.0
children [
]
}
Transform {
translation -0.629 -1.75 0.0
scale 0.25 0.25 0.25
children [
Group {
children [
Transform {
translation -3.23 1.431 0.0
children [
DEF Group21 Group {
children [
Transform {
translation 0.006 0.027 1.043
rotation 0.0 0.0 1.0 0.524
children [
Shape {
appearance Appearance {
material DEF material2_mat Material {
shininess 0.100
diffuseColor 0.902 0.902 0.902
specularColor 1.0 1.0 1.0
}
}
geometry Box {
size 1.0 0.245 0.086
}
}
]
}
Transform {
translation -0.331 -0.147 1.298
rotation 1.0 0.0 0.0 1.571
children [
DEF Cylinder23 Shape {
appearance Appearance {
material DEF Black_mat Material {
diffuseColor 0 0 0
}
}
geometry Cylinder {
height 0.568
radius 0.090
}
}
]
}
Transform {
translation 0.347 0.21 1.334
rotation 1.0 0.0 0.0 1.571
children [
USE Cylinder23
]
}
Transform {
translation 0.044 0.039 0.765
rotation 1.0 0.0 0.0 1.571
children [
Shape {
appearance Appearance {
material USE material2_mat
}
geometry Cylinder {
height 0.679
radius 0.084
}
}
]
}
]
}
]
}
Transform {
translation -2.894 1.423 0.0
children [
Group {
children [
Transform {
translation -0.341 3.849 -1.508
rotation -0.276 -0.096 0.956 1.546
children [
DEF Cylinder21 Shape {
appearance Appearance {
material USE material2_mat
}
geometry Cylinder {
height 0.792
radius 0.087
}
}
]
}
Transform {
translation -0.028 3.848 -1.367
rotation -0.27 -0.233 0.934 1.607
scale 1.0 1.0 0.36
children [
DEF Box8 Shape {
appearance Appearance {
material USE material2_mat
}
geometry Box {
size 0.193 0.217 0.65
}
}
]
}
]
}
]
}
Transform {
translation -2.148 4.705 0.0
rotation 0.0 1.0 0.0 1.571
children [
Group {
children [
Transform {
translation 1.673 3.288 -0.324
scale 0.163 0.168 0.184
children [
Shape {
appearance Appearance {
material DEF White_mat Material {
diffuseColor 1 1 1
}
}
geometry IndexedFaceSet {
solid FALSE
convex FALSE
creaseAngle 3.142
coord Coordinate {
point [ -19.35 -16.74 -4.61 -19.61 -16.66 -4.65 -18.91 -16.56 -2.09 -18.63
-16.62 -2.09 -19.72 -16.52 -4.65 -19.04 -16.45 -2.07 -19.68 -16.09 -4.59 -19.04
-16.02 -1.97 -19.38 -15.95 -4.51 -18.75 -15.84 -1.91 -19.1 -16.06 -4.46 -18.46
-15.91 -1.91 -18.97 -16.33 -4.48 -18.3 -16.17 -1.96 -19.08 -16.61 -4.53 -18.38
-16.45 -2.03 -18.15 -17.06 -.56 -17.94 -17.08 -.73 -18.24 -16.96 -.45 -18.21
-16.54 -.32 -17.96 -16.33 -.43 -17.73 -16.37 -.63 -17.62 -16.6 -.79 -17.71
-16.89 -.83 -17.41 -17.86 -.16 -17.25 -17.76 -.37 -17.44 -17.87 .01 -17.26
-17.67 .36 -17 -17.45 .33 -16.83 -17.35 .1 -16.84 -17.4 -.2 -17.01 -17.56
-.39 -16.6 -18.56 -.19 -16.5 -18.39 -.38 -16.62 -18.6 -.02 -16.51 -18.4 .36
-16.33 -18.1 .35 -16.23 -17.92 .13 -16.23 -17.93 -.17 -16.35 -18.12 -.38 -15.87
-19.11 -.16 -15.77 -18.94 -.35 -15.89 -19.15 .01 -15.77 -18.95 .38 -15.6 -18.65
.38 -15.49 -18.47 .16 -15.5 -18.48 -.14 -15.61 -18.67 -.35 -14.97 -19.52 -.18
-14.87 -19.34 -.37 -14.99 -19.56 -.01 -14.87 -19.35 .37 -14.7 -19.05 .36 -14.6
-18.87 .14 -14.6 -18.88 -.16 -14.71 -19.08 -.37 -14.28 -19.69 -.2 -14.18 -19.51
-.39 -14.31 -19.72 -.03 -14.19 -19.52 .34 -14.02 -19.22 .34 -13.91 -19.04
.12 -13.92 -19.05 -.18 -14.03 -19.25 -.39 -13.1 -19.7 -.2 -13.1 -19.5 -.39
-13.1 -19.74 -.03 -13.1 -19.51 .35 -13.1 -19.16 .34 -13.1 -18.95 .12 -13.1
-18.96 -.18 -13.1 -19.19 -.39 -7 -19.72 -.17 -7 -19.51 -.36 -7 -19.76 0 -7
-19.52 .38 -7 -19.18 .37 -7 -18.97 .15 -7 -18.98 -.15 -7 -19.21 -.36 -6.19
-19.54 -.17 -6.29 -19.37 -.36 -6.16 -19.58 0 -6.28 -19.38 .38 -6.45 -19.08
.37 -6.56 -18.89 .15 -6.55 -18.9 -.15 -6.44 -19.1 -.36 -5.35 -19.23 -.17 -5.51
-19.1 -.36 -5.32 -19.26 0 -5.5 -19.11 .38 -5.76 -18.88 .37 -5.92 -18.75 .15
-5.91 -18.76 -.15 -5.74 -18.9 -.36 -4.67 -18.82 -.17 -4.82 -18.69 -.36 -4.64
-18.85 0 -4.82 -18.7 .38 -5.08 -18.48 .37 -5.24 -18.34 .15 -5.23 -18.35 -.15
-5.06 -18.49 -.36 -4.09 -18.09 -.17 -4.26 -17.99 -.36 -4.05 -18.11 0 -4.25
-18 .38 -4.55 -17.82 .37 -4.74 -17.72 .15 -4.73 -17.72 -.15 -4.53 -17.84 -.36
-3.67 -17.58 -.21 -3.92 -17.55 -.32 -3.56 -17.54 -.08 -3.59 -17.27 .27 -3.87
-17.09 .34 -4.14 -17.06 .2 -4.27 -17.18 -.05 -4.18 -17.38 -.26 -3.28 -17.11
-.51 -3.52 -17.05 -.63 -3.16 -17.08 -.38 -3.14 -16.78 -.06 -3.4 -16.54 -.02
-3.65 -16.48 -.16 -3.8 -16.6 -.4 -3.74 -16.83 -.59 -2.7 -16.88 -.96 -2.97
-16.91 -1.03 -2.57 -16.78 -.9 -2.56 -16.37 -.74 -2.85 -16.18 -.72 -3.14 -16.22
-.79 -3.29 -16.45 -.91 -3.22 -16.73 -1.01 -1.8 -16.56 -2.16 -2.06 -16.64 -2.15
-1.68 -16.43 -2.13 -1.71 -16.01 -1.98 -2.02 -15.88 -1.89 -2.3 -15.98 -1.89
-2.43 -16.25 -1.96 -2.33 -16.51 -2.07 -.47 -16.7 -4.7 -.74 -16.75 -4.66 -.28
-16.42 -4.74 -.33 -16.14 -4.74 -.63 -15.96 -4.71 -.9 -16.03 -4.67 -1.07 -16.28
-4.64 -1 -16.58 -4.63 ] }
coordIndex [ 0 1 2 -1 0 2 3 -1 1 4 5 -1 1 5 2 -1 4 6 7 -1 4 7 5 -1 6 8 9 -1
6 9 7 -1 8 10 11 -1 8 11 9 -1 10 12 13 -1 10 13 11 -1 12 14 15 -1 12 15 13 -1
14 0 3 -1 14 3 15 -1 3 2 16 -1 3 16 17 -1 2 5 18 -1 2 18 16 -1 5 7 19 -1 5 19
18 -1 7 9 20 -1 7 20 19 -1 9 11 21 -1 9 21 20 -1 11 13 22 -1 11 22 21 -1 13
15 23 -1 13 23 22 -1 15 3 17 -1 15 17 23 -1 17 16 24 -1 17 24 25 -1 16 18 26
-1 16 26 24 -1 18 19 27 -1 18 27 26 -1 19 20 28 -1 19 28 27 -1 20 21 29 -1 20
29 28 -1 21 22 30 -1 21 30 29 -1 22 23 31 -1 22 31 30 -1 23 17 25 -1 23 25 31
-1 25 24 32 -1 25 32 33 -1 24 26 34 -1 24 34 32 -1 26 27 35 -1 26 35 34 -1 27
28 36 -1 27 36 35 -1 28 29 37 -1 28 37 36 -1 29 30 38 -1 29 38 37 -1 30 31 39
-1 30 39 38 -1 31 25 33 -1 31 33 39 -1 33 32 40 41 -1 32 34 42 40 -1 34 35 43
42 -1 35 36 44 43 -1 36 37 45 44 -1 37 38 46 45 -1 38 39 47 46 -1 39 33 41 47
-1 41 40 48 49 -1 40 42 50 48 -1 42 43 51 50 -1 43 44 52 51 -1 44 45 53 52 -1
45 46 54 53 -1 46 47 55 54 -1 47 41 49 55 -1 49 48 56 57 -1 48 50 58 56 -1 50
51 59 58 -1 51 52 60 59 -1 52 53 61 60 -1 53 54 62 61 -1 54 55 63 62 -1 55 49
57 63 -1 57 56 64 -1 57 64 65 -1 56 58 66 -1 56 66 64 -1 58 59 67 -1 58 67 66
-1 59 60 68 -1 59 68 67 -1 60 61 69 -1 60 69 68 -1 61 62 70 -1 61 70 69 -1 62
63 71 -1 62 71 70 -1 63 57 65 -1 63 65 71 -1 65 64 72 73 -1 64 66 74 72 -1 66
67 75 74 -1 67 68 76 75 -1 68 69 77 76 -1 69 70 78 77 -1 70 71 79 78 -1 71 65
73 79 -1 73 72 80 -1 73 80 81 -1 72 74 82 -1 72 82 80 -1 74 75 83 -1 74 83 82
-1 75 76 84 -1 75 84 83 -1 76 77 85 -1 76 85 84 -1 77 78 86 -1 77 86 85 -1 78
79 87 -1 78 87 86 -1 79 73 81 -1 79 81 87 -1 81 80 88 -1 81 88 89 -1 80 82 90
-1 80 90 88 -1 82 83 91 -1 82 91 90 -1 83 84 92 -1 83 92 91 -1 84 85 93 -1 84
93 92 -1 85 86 94 -1 85 94 93 -1 86 87 95 -1 86 95 94 -1 87 81 89 -1 87 89 95
-1 89 88 96 97 -1 88 90 98 96 -1 90 91 99 98 -1 91 92 100 99 -1 92 93 101 100
-1 93 94 102 101 -1 94 95 103 102 -1 95 89 97 103 -1 97 96 104 -1 97 104 105
-1 96 98 106 -1 96 106 104 -1 98 99 107 -1 98 107 106 -1 99 100 108 -1 99 108
107 -1 100 101 109 -1 100 109 108 -1 101 102 110 -1 101 110 109 -1 102 103 111
-1 102 111 110 -1 103 97 105 -1 103 105 111 -1 105 104 112 -1 105 112 113 -1
104 106 114 -1 104 114 112 -1 106 107 115 -1 106 115 114 -1 107 108 116 -1 107
116 115 -1 108 109 117 -1 108 117 116 -1 109 110 118 -1 109 118 117 -1 110 111
119 -1 110 119 118 -1 111 105 113 -1 111 113 119 -1 113 112 120 -1 113 120 121
-1 112 114 122 -1 112 122 120 -1 114 115 123 -1 114 123 122 -1 115 116 124 -1
115 124 123 -1 116 117 125 -1 116 125 124 -1 117 118 126 -1 117 126 125 -1 118
119 127 -1 118 127 126 -1 119 113 121 -1 119 121 127 -1 121 120 128 -1 121 128
129 -1 120 122 130 -1 120 130 128 -1 122 123 131 -1 122 131 130 -1 123 124 132
-1 123 132 131 -1 124 125 133 -1 124 133 132 -1 125 126 134 -1 125 134 133 -1
126 127 135 -1 126 135 134 -1 127 121 129 -1 127 129 135 -1 129 128 136 -1 129
136 137 -1 128 130 138 -1 128 138 136 -1 130 131 139 -1 130 139 138 -1 131 132
140 -1 131 140 139 -1 132 133 141 -1 132 141 140 -1 133 134 142 -1 133 142 141
-1 134 135 143 -1 134 143 142 -1 135 129 137 -1 135 137 143 -1 137 136 144 -1
137 144 145 -1 136 138 146 -1 136 146 144 -1 138 139 147 -1 138 147 146 -1 139
140 148 -1 139 148 147 -1 140 141 149 -1 140 149 148 -1 141 142 150 -1 141 150
149 -1 142 143 151 -1 142 151 150 -1 143 137 145 -1 143 145 151 -1 145 144 146
147 148 149 150 151 -1 14 12 10 8 6 4 1 0 -1 ]
}
}
]
}
]
}
]
}
Transform {
translation -14.665 3.242 0.0
rotation 1.0 0.0 0.0 1.571
children [
Group {
children [
Transform {
translation 7.613 -0.102 0.211
rotation 0.0 0.0 1.0 1.571
children [
Shape {
appearance Appearance {
material DEF Shiny_Black_mat Material {
shininess 0.100
diffuseColor 0.0 0.0 0.0
}
}
geometry IndexedFaceSet {
solid FALSE
convex FALSE
creaseAngle 3.142
coord Coordinate {
point [ -.31 -2.28 -.06 -.34 -2.28 -.03 -.41 -2.26 -.02 -.37 -2.26 -.05 -.38
-2.28 -.03 -.45 -2.26 -.02 -.39 -2.28 -.05 -.47 -2.26 -.05 -.39 -2.28 -.28
-.47 -2.26 -.31 -.38 -2.28 -.32 -.46 -2.26 -.37 -.35 -2.28 -.35 -.42 -2.26
-.4 -.31 -2.28 -.37 -.37 -2.26 -.42 .29 -2.28 -.37 .35 -2.26 -.42 .35 -2.28
-.36 .42 -2.26 -.41 .38 -2.28 -.33 .46 -2.26 -.37 .4 -2.28 -.28 .48 -2.26
-.32 .4 -2.28 -.05 .48 -2.26 -.05 .38 -2.28 -.03 .45 -2.26 -.02 .34 -2.28
-.03 .41 -2.26 -.02 .31 -2.28 -.06 .37 -2.26 -.05 -.46 -2.23 -.01 -.41 -2.23
-.04 -.51 -2.23 -.01 -.53 -2.23 -.04 -.53 -2.23 -.33 -.52 -2.23 -.39 -.48
-2.23 -.43 -.41 -2.23 -.45 .4 -2.23 -.45 .48 -2.23 -.43 .51 -2.23 -.39 .54
-2.23 -.33 .54 -2.23 -.04 .51 -2.23 -.01 .46 -2.23 -.01 .41 -2.23 -.04 -.53
-1.89 .07 -.48 -1.89 .03 -.59 -1.89 .07 -.62 -1.89 .04 -.62 -1.89 -.25 -.6
-1.89 -.31 -.55 -1.89 -.35 -.48 -1.89 -.37 .46 -1.89 -.37 .55 -1.89 -.35 .6
-1.89 -.32 .63 -1.89 -.26 .63 -1.89 .04 .59 -1.89 .07 .54 -1.89 .07 .48 -1.89
.03 -.57 -1.45 .16 -.52 -1.45 .13 -.63 -1.45 .16 -.66 -1.45 .13 -.66 -1.45
-.16 -.64 -1.45 -.22 -.59 -1.45 -.26 -.52 -1.45 -.28 .49 -1.45 -.28 .59 -1.45
-.26 .64 -1.45 -.22 .67 -1.45 -.16 .67 -1.45 .13 .63 -1.45 .16 .58 -1.45 .16
.52 -1.45 .13 -.64 -1.08 .22 -.58 -1.08 .19 -.71 -1.08 .22 -.75 -1.08 .19
-.75 -1.08 -.1 -.73 -1.08 -.16 -.67 -1.08 -.2 -.58 -1.08 -.22 .56 -1.08 -.22
.67 -1.08 -.2 .72 -1.08 -.16 .75 -1.08 -.1 .75 -1.08 .19 .71 -1.08 .22 .65
-1.08 .22 .58 -1.08 .19 -.67 -.71 .25 -.61 -.71 .21 -.75 -.71 .25 -.78 -.71
.22 -.78 -.71 -.07 -.76 -.71 -.13 -.7 -.71 -.17 -.61 -.71 -.19 .58 -.71 -.19
.7 -.71 -.17 .75 -.71 -.14 .79 -.71 -.08 .79 -.71 .22 .75 -.71 .25 .68 -.71
.25 .61 -.71 .21 -.65 -.36 .17 -.59 -.36 .13 -.72 -.36 .17 -.75 -.36 .14 -.75
-.36 -.15 -.73 -.36 -.21 -.67 -.36 -.25 -.59 -.36 -.27 .56 -.36 -.27 .67 -.36
-.25 .73 -.36 -.22 .76 -.36 -.16 .76 -.36 .14 .72 -.36 .17 .66 -.36 .17 .59
-.36 .13 -.44 0 .03 -.4 0 -.01 -.49 0 .03 -.51 0 0 -.51 0 -.29 -.5 0 -.35
-.46 0 -.39 -.4 0 -.41 .38 0 -.41 .46 0 -.39 .49 0 -.36 .52 0 -.3 .52 0 0
.49 0 .03 .45 0 .03 .4 0 -.01 -.44 1 .03 -.4 1 -.01 -.49 1 .03 -.51 1 0 -.51
1 -.29 -.5 1 -.35 -.46 1 -.39 -.4 1 -.41 .38 1 -.41 .46 1 -.39 .49 1 -.36
.52 1 -.3 .52 1 0 .49 1 .03 .45 1 .03 .4 1 -.01 -.43 1.04 .03 -.39 1.04 -.01
-.48 1.04 .03 -.5 1.04 0 -.5 1.04 -.28 -.49 1.04 -.34 -.45 1.04 -.38 -.39
1.04 -.4 .37 1.04 -.4 .45 1.04 -.38 .48 1.04 -.35 .51 1.04 -.29 .51 1.04 0
.48 1.04 .03 .44 1.04 .03 .39 1.04 -.01 -.39 1.07 .03 -.35 1.07 -.01 -.43
1.07 .03 -.45 1.07 0 -.45 1.07 -.26 -.44 1.07 -.31 -.4 1.07 -.34 -.35 1.07
-.36 .34 1.07 -.36 .4 1.07 -.35 .44 1.07 -.31 .46 1.07 -.26 .46 1.07 0 .43
1.07 .03 .39 1.07 .03 .35 1.07 -.01 ] }
coordIndex [ 0 1 2 3 -1 1 4 5 2 -1 4 6 7 5 -1 6 8 9 7 -1 8 10 11 9 -1 10 12
13 11 -1 12 14 15 13 -1 14 16 17 15 -1 16 18 19 17 -1 18 20 21 19 -1 20 22 23
21 -1 22 24 25 23 -1 24 26 27 25 -1 26 28 29 27 -1 28 30 31 29 -1 30 0 3 31
-1 3 2 32 -1 3 32 33 -1 2 5 34 32 -1 5 7 35 -1 5 35 34 -1 7 9 36 35 -1 9 11
37 -1 9 37 36 -1 11 13 38 -1 11 38 37 -1 13 15 39 -1 13 39 38 -1 15 17 40 39
-1 17 19 41 -1 17 41 40 -1 19 21 42 -1 19 42 41 -1 21 23 43 -1 21 43 42 -1 23
25 44 43 -1 25 27 45 -1 25 45 44 -1 27 29 46 45 -1 29 31 47 -1 29 47 46 -1 31
3 33 47 -1 33 32 48 -1 33 48 49 -1 32 34 50 48 -1 34 35 51 -1 34 51 50 -1 35
36 52 51 -1 36 37 53 -1 36 53 52 -1 37 38 54 -1 37 54 53 -1 38 39 55 -1 38 55
54 -1 39 40 56 55 -1 40 41 57 -1 40 57 56 -1 41 42 58 -1 41 58 57 -1 42 43 59
-1 42 59 58 -1 43 44 60 59 -1 44 45 61 -1 44 61 60 -1 45 46 62 61 -1 46 47 63
-1 46 63 62 -1 47 33 49 63 -1 49 48 64 -1 49 64 65 -1 48 50 66 64 -1 50 51 67
-1 50 67 66 -1 51 52 68 67 -1 52 53 69 -1 52 69 68 -1 53 54 70 -1 53 70 69 -1
54 55 71 -1 54 71 70 -1 55 56 72 71 -1 56 57 73 -1 56 73 72 -1 57 58 74 -1 57
74 73 -1 58 59 75 -1 58 75 74 -1 59 60 76 75 -1 60 61 77 -1 60 77 76 -1 61 62
78 77 -1 62 63 79 -1 62 79 78 -1 63 49 65 79 -1 65 64 80 -1 65 80 81 -1 64 66
82 80 -1 66 67 83 -1 66 83 82 -1 67 68 84 83 -1 68 69 85 -1 68 85 84 -1 69 70
86 -1 69 86 85 -1 70 71 87 -1 70 87 86 -1 71 72 88 87 -1 72 73 89 -1 72 89 88
-1 73 74 90 -1 73 90 89 -1 74 75 91 -1 74 91 90 -1 75 76 92 91 -1 76 77 93 -1
76 93 92 -1 77 78 94 93 -1 78 79 95 -1 78 95 94 -1 79 65 81 95 -1 81 80 96 -1
81 96 97 -1 80 82 98 96 -1 82 83 99 -1 82 99 98 -1 83 84 100 99 -1 84 85 101
-1 84 101 100 -1 85 86 102 -1 85 102 101 -1 86 87 103 -1 86 103 102 -1 87 88
104 103 -1 88 89 105 -1 88 105 104 -1 89 90 106 -1 89 106 105 -1 90 91 107 -1
90 107 106 -1 91 92 108 107 -1 92 93 109 -1 92 109 108 -1 93 94 110 109 -1 94
95 111 -1 94 111 110 -1 95 81 97 111 -1 97 96 112 -1 97 112 113 -1 96 98 114
112 -1 98 99 115 -1 98 115 114 -1 99 100 116 115 -1 100 101 117 -1 100 117 116
-1 101 102 118 -1 101 118 117 -1 102 103 119 -1 102 119 118 -1 103 104 120 119
-1 104 105 121 -1 104 121 120 -1 105 106 122 -1 105 122 121 -1 106 107 123 -1
106 123 122 -1 107 108 124 123 -1 108 109 125 -1 108 125 124 -1 109 110 126
125 -1 110 111 127 -1 110 127 126 -1 111 97 113 127 -1 113 112 128 -1 113 128
129 -1 112 114 130 128 -1 114 115 131 -1 114 131 130 -1 115 116 132 131 -1 116
117 133 -1 116 133 132 -1 117 118 134 -1 117 134 133 -1 118 119 135 -1 118 135
134 -1 119 120 136 135 -1 120 121 137 -1 120 137 136 -1 121 122 138 -1 121 138
137 -1 122 123 139 -1 122 139 138 -1 123 124 140 139 -1 124 125 141 -1 124 141
140 -1 125 126 142 141 -1 126 127 143 -1 126 143 142 -1 127 113 129 143 -1 129
128 144 145 -1 128 130 146 144 -1 130 131 147 146 -1 131 132 148 147 -1 132
133 149 148 -1 133 134 150 149 -1 134 135 151 150 -1 135 136 152 151 -1 136
137 153 152 -1 137 138 154 153 -1 138 139 155 154 -1 139 140 156 155 -1 140
141 157 156 -1 141 142 158 157 -1 142 143 159 158 -1 143 129 145 159 -1 145
144 160 161 -1 144 146 162 160 -1 146 147 163 162 -1 147 148 164 163 -1 148
149 165 164 -1 149 150 166 165 -1 150 151 167 166 -1 151 152 168 167 -1 152
153 169 168 -1 153 154 170 169 -1 154 155 171 170 -1 155 156 172 171 -1 156
157 173 172 -1 157 158 174 173 -1 158 159 175 174 -1 159 145 161 175 -1 161
160 176 177 -1 160 162 178 176 -1 162 163 179 178 -1 163 164 180 179 -1 164
165 181 180 -1 165 166 182 181 -1 166 167 183 182 -1 167 168 184 183 -1 168
169 185 184 -1 169 170 186 185 -1 170 171 187 186 -1 171 172 188 187 -1 172
173 189 188 -1 173 174 190 189 -1 174 175 191 190 -1 175 161 177 191 -1 189
190 191 177 176 178 179 180 181 182 183 184 185 186 187 188 -1 4 1 0 30 28 26
24 22 20 18 16 14 12 10 8 6 -1 ]
}
}
]
}
Transform {
translation 7.613 -0.102 0.211
rotation -0.0 -0.0 1.0 1.571
scale 1.012 1.012 1.012
children [
Shape {
appearance Appearance {
material USE Shiny_Black_mat
}
geometry IndexedFaceSet {
solid FALSE
convex FALSE
creaseAngle 3.142
coord Coordinate {
point [ -.25 -.01 -.01 -.28 -.01 .02 -.44 0 .03 -.4 0 -.01 -.31 -.01 .02 -.49
0 .03 -.33 -.01 0 -.51 0 0 -.33 -.01 -.19 -.51 0 -.29 -.32 -.01 -.22 -.51
0 -.34 -.3 -.01 -.24 -.48 0 -.37 -.28 -.01 -.25 -.44 0 -.4 -.25 -.01 -.26
-.4 0 -.41 .24 -.01 -.26 .38 0 -.41 .29 -.01 -.25 .46 0 -.39 .31 -.01 -.23
.49 0 -.36 .33 -.01 -.19 .52 0 -.3 .33 -.01 0 .52 0 0 .31 -.01 .02 .49 0 .03
.28 -.01 .02 .45 0 .03 .25 -.01 -.01 .4 0 -.01 -.44 .16 .03 -.4 .16 -.01 -.49
.16 .03 -.51 .16 0 -.51 .16 -.29 -.51 .16 -.34 -.48 .16 -.37 -.44 .16 -.4
-.4 .16 -.41 .38 .16 -.41 .46 .16 -.39 .49 .16 -.36 .52 .16 -.3 .52 .16 0
.49 .16 .03 .45 .16 .03 .4 .16 -.01 -.28 .16 .01 -.25 .16 -.01 -.31 .16 .01
-.32 .16 -.01 -.32 .16 -.19 -.32 .16 -.22 -.3 .16 -.24 -.28 .16 -.26 -.25
.16 -.27 .24 .16 -.27 .29 .16 -.25 .31 .16 -.23 .33 .16 -.19 .33 .16 -.01
.31 .16 .01 .28 .16 .01 .25 .16 -.01 ] }
coordIndex [ 0 1 2 3 -1 1 4 5 2 -1 4 6 7 5 -1 6 8 9 7 -1 8 10 11 9 -1 10 12
13 11 -1 12 14 15 13 -1 14 16 17 15 -1 16 18 19 17 -1 18 20 21 19 -1 20 22 23
21 -1 22 24 25 23 -1 24 26 27 25 -1 26 28 29 27 -1 28 30 31 29 -1 30 32 33 31
-1 32 0 3 33 -1 3 2 34 35 -1 2 5 36 34 -1 5 7 37 36 -1 7 9 38 37 -1 9 11 39
38 -1 11 13 40 39 -1 13 15 41 40 -1 15 17 42 41 -1 17 19 43 42 -1 19 21 44 43
-1 21 23 45 44 -1 23 25 46 45 -1 25 27 47 46 -1 27 29 48 47 -1 29 31 49 48 -1
31 33 50 49 -1 33 3 35 50 -1 35 34 51 52 -1 34 36 53 51 -1 36 37 54 53 -1 37
38 55 54 -1 38 39 56 55 -1 39 40 57 56 -1 40 41 58 57 -1 41 42 59 58 -1 42 43
60 59 -1 43 44 61 60 -1 44 45 62 61 -1 45 46 63 62 -1 46 47 64 63 -1 47 48 65
64 -1 48 49 66 65 -1 49 50 67 66 -1 50 35 52 67 -1 65 66 67 52 51 53 54 55 56
57 58 59 60 61 62 63 64 -1 4 1 0 32 30 28 26 24 22 20 18 16 14 12 10 8 6 -1
]
}
}
]
}
]
}
]
}
Transform {
translation -3.77 1.553 0.0
rotation 0.0 0.0 1.0 0.087
scale 1.141 1.141 1.141
children [
Group {
children [
Transform {
rotation 1.0 0.0 0.0 1.571
scale 0.685 1.0 0.365
children [
Shape {
appearance Appearance {
material USE Shiny_Black_mat
}
geometry Cylinder {
height 1.039
}
}
]
}
Transform {
translation 0.288 0.129 0.0
rotation 0.0 0.0 -1.0 0.349
children [
DEF Group13 Group {
children [
Transform {
scale 0.65268 1.0 1.0
children [
DEF Box5 Shape {
appearance Appearance {
material USE material2_mat
}
geometry Box {
size 1.0 0.01 1.0
}
}
]
}
Transform {
translation 0.0 0.9 0.0
children [
USE Box5
]
}
Transform {
translation 0.0 0.75 0.0
children [
USE Box5
]
}
Transform {
translation 0.0 0.85 0.0
children [
USE Box5
]
}
Transform {
translation 0.0 0.8 0.0
children [
USE Box5
]
}
Transform {
translation 0.0 0.95 0.0
children [
USE Box5
]
}
Transform {
translation 0.0 0.65 0.0
scale 0.88712 1.0 1.0
children [
USE Box5
]
}
Transform {
translation 0.0 0.7 0.0
scale 0.96213 1.0 1.0
children [
USE Box5
]
}
Transform {
translation 0.0 1.0 0.0
children [
USE Box5
]
}
Transform {
translation 0.0 0.5 0.0
scale 0.7547 1.0 1.0
children [
USE Box5
]
}
Transform {
translation 0.0 0.6 0.0
scale 0.82684 1.0 1.0
children [
USE Box5
]
}
Transform {
translation 0.0 0.45 0.0
scale 0.733 1.0 1.0
children [
USE Box5
]
}
Transform {
translation 0.0 0.55 0.0
scale 0.77858 1.0 1.0
children [
USE Box5
]
}
Transform {
translation 0.0 0.35 0.0
scale 0.70043 1.0 1.0
children [
USE Box5
]
}
Transform {
translation 0.0 0.1 0.0
scale 0.66353 1.0 1.0
children [
USE Box5
]
}
Transform {
translation 0.0 0.05 0.0
scale 0.66353 1.0 1.0
children [
USE Box5
]
}
Transform {
translation 0.0 0.25 0.0
scale 0.67873 1.0 1.0
children [
USE Box5
]
}
Transform {
translation 0.0 0.2 0.0
scale 0.66353 1.0 1.0
children [
USE Box5
]
}
Transform {
translation 0.0 0.15 0.0
scale 0.6657 1.0 1.0
children [
USE Box5
]
}
Transform {
translation 0.0 0.3 0.0
scale 0.68741 1.0 1.0
children [
USE Box5
]
}
Transform {
translation 0.0 0.4 0.0
scale 0.71563 1.0 1.0
children [
USE Box5
]
}
Transform {
translation 0.0 1.032 0.0
children [
Shape {
appearance Appearance {
material USE Black_mat
}
geometry IndexedFaceSet {
solid FALSE
convex FALSE
creaseAngle 0.524
coord Coordinate {
point [ -.3 -1.03 -.47 .3 -1.03 -.47 .3 -.99 -.47 -.3 -.99 -.47 .3 -1.03 .47
.3 -.99 .47 -.3 -1.03 .47 -.3 -.99 .47 -.31 -.87 .47 -.31 -.75 .47 -.33 -.64
.47 -.35 -.52 .47 -.39 -.4 .47 -.47 -.29 .47 -.47 0 .47 .47 0 .47 .47 -.29
.47 .39 -.4 .47 .35 -.52 .47 .33 -.64 .47 .31 -.75 .47 .31 -.87 .47 .31 -.87
-.47 -.31 -.87 -.47 .31 -.75 -.47 -.31 -.75 -.47 .33 -.64 -.47 -.33 -.64 -.47
.35 -.52 -.47 -.35 -.52 -.47 .39 -.4 -.47 -.39 -.4 -.47 .47 -.29 -.47 -.47
-.29 -.47 .47 0 -.47 -.47 0 -.47 .5 0 -.5 -.5 0 -.5 .5 0 .5 -.5 0 .5 .5 .12
-.5 .5 .25 -.5 -.5 .25 -.5 -.5 .12 -.5 .5 .12 .5 .5 .25 .5 -.5 .12 .5 -.5
.25 .5 .48 .26 -.48 -.49 .26 -.49 .48 .26 .48 -.48 .26 .48 .47 .27 -.47 -.48
.27 -.48 .47 .27 .47 -.47 .27 .47 .43 .27 -.43 -.44 .27 -.44 .43 .27 .43 -.43
.27 .43 ] }
coordIndex [ 0 1 2 -1 0 2 3 -1 1 4 5 2 -1 4 6 7 8 9 10 11 12 13 14 15 16 17
18 19 20 21 5 -1 6 0 3 -1 6 3 7 -1 3 2 22 -1 3 22 23 -1 2 5 21 22 -1 7 3 23
-1 7 23 8 -1 23 22 24 -1 23 24 25 -1 22 21 20 24 -1 8 23 25 -1 8 25 9 -1 25
24 26 -1 25 26 27 -1 24 20 19 26 -1 9 25 27 -1 9 27 10 -1 27 26 28 -1 27 28
29 -1 26 19 18 28 -1 10 27 29 -1 10 29 11 -1 29 28 30 -1 29 30 31 -1 28 18 17
30 -1 11 29 31 -1 11 31 12 -1 31 30 32 -1 31 32 33 -1 30 17 16 32 -1 12 31 33
-1 12 33 13 -1 33 32 34 35 -1 32 16 15 34 -1 13 33 35 14 -1 35 34 36 37 -1 34
15 38 36 -1 15 14 39 38 -1 14 35 37 39 -1 37 36 40 41 42 43 -1 36 38 44 45 41
40 -1 38 39 46 47 45 44 -1 39 37 43 42 47 46 -1 42 41 48 49 -1 41 45 50 48 -1
45 47 51 50 -1 47 42 49 51 -1 49 48 52 53 -1 48 50 54 52 -1 50 51 55 54 -1 51
49 53 55 -1 53 52 56 57 -1 52 54 58 56 -1 54 55 59 58 -1 55 53 57 59 -1 57 56
58 59 -1 6 4 1 0 -1 ]
}
}
]
}
]
}
]
}
Transform {
translation -0.336 0.122 0.0
rotation 0.0 0.0 1.0 0.349
children [
USE Group13
]
}
]
}
]
}
Transform {
translation -3.222 4.208 0.0
rotation 0.0 0.0 1.0 0.436
scale 0.7 0.7 0.7
children [
Group {
children [
Transform {
translation 0.21 -0.094 0.0
children [
Shape {
appearance Appearance {
material USE material2_mat
}
geometry Cylinder {
height 1.000
radius 0.500
}
}
]
}
Transform {
translation -0.292 -0.094 0.0
children [
Shape {
appearance Appearance {
material USE material2_mat
}
geometry Box {
size 1.0 1.0 1.0
}
}
]
}
Transform {
translation 0.21 -0.09 0.0
children [
Shape {
appearance Appearance {
material USE White_mat
}
geometry Cylinder {
height 1.050
radius 0.400
}
}
]
}
Transform {
translation 0.21 0.395 0.0
children [
Group {
children [
Transform {
translation 0.0 0.028 0.0
scale 0.45 0.25 0.45
children [
Shape {
appearance Appearance {
material DEF material_mat Material {
transparency 0.005
diffuseColor 1.0 1.0 1.0
}
}
geometry IndexedFaceSet {
solid FALSE
convex FALSE
creaseAngle 0.524
coord Coordinate {
point [ .97 -.15 0 .89 -.15 -.39 .89 -.01 -.39 .97 -.01 0 .82 .15 -.37 .9
.15 0 .58 .3 -.26 .64 .3 0 .35 .37 -.15 .38 .37 0 .25 .37 -.28 .12 .37 -.36
-.04 .37 -.38 -.19 .37 -.33 -.31 .37 -.22 -.37 .37 -.08 -.37 .37 .08 -.31
.37 .22 -.19 .37 .33 -.04 .37 .38 .12 .37 .36 .25 .37 .28 .35 .37 .15 .65
-.15 -.72 .65 -.01 -.72 .6 .15 -.67 .43 .3 -.47 .3 -.15 -.92 .3 -.01 -.92
.28 .15 -.86 .2 .3 -.61 -.1 -.15 -.97 -.1 -.01 -.97 -.09 .15 -.89 -.07 .3
-.64 -.49 -.15 -.84 -.49 -.01 -.84 -.45 .15 -.78 -.32 .3 -.55 -.79 -.15 -.57
-.79 -.01 -.57 -.73 .15 -.53 -.52 .3 -.38 -.95 -.15 -.2 -.95 -.01 -.2 -.88
.15 -.19 -.63 .3 -.13 -.95 -.15 .2 -.95 -.01 .2 -.88 .15 .19 -.63 .3 .13 -.79
-.15 .57 -.79 -.01 .57 -.73 .15 .53 -.52 .3 .38 -.49 -.15 .84 -.49 -.01 .84
-.45 .15 .78 -.32 .3 .55 -.1 -.15 .97 -.1 -.01 .97 -.09 .15 .89 -.07 .3 .64
.3 -.15 .92 .3 -.01 .92 .28 .15 .86 .2 .3 .61 .65 -.15 .72 .65 -.01 .72 .6
.15 .67 .43 .3 .47 .89 -.15 .39 .89 -.01 .39 .82 .15 .37 .58 .3 .26 ] }
coordIndex [ 0 1 2 3 -1 3 2 4 -1 3 4 5 -1 5 4 6 -1 5 6 7 -1 7 6 8 -1 7 8 9 -1
9 8 10 11 12 13 14 15 16 17 18 19 20 21 22 -1 1 23 24 2 -1 2 24 25 -1 2 25 4
-1 4 25 26 -1 4 26 6 -1 6 26 10 -1 6 10 8 -1 23 27 28 24 -1 24 28 29 -1 24 29
25 -1 25 29 30 -1 25 30 26 -1 26 30 11 -1 26 11 10 -1 27 31 32 28 -1 28 32 33
-1 28 33 29 -1 29 33 34 -1 29 34 30 -1 30 34 12 -1 30 12 11 -1 31 35 36 32 -1
32 36 37 -1 32 37 33 -1 33 37 38 -1 33 38 34 -1 34 38 13 -1 34 13 12 -1 35 39
40 36 -1 36 40 41 -1 36 41 37 -1 37 41 42 -1 37 42 38 -1 38 42 14 -1 38 14 13
-1 39 43 44 40 -1 40 44 45 -1 40 45 41 -1 41 45 46 -1 41 46 42 -1 42 46 15 -1
42 15 14 -1 43 47 48 44 -1 44 48 49 45 -1 45 49 50 46 -1 46 50 16 15 -1 47 51
52 48 -1 48 52 53 -1 48 53 49 -1 49 53 54 -1 49 54 50 -1 50 54 17 -1 50 17 16
-1 51 55 56 52 -1 52 56 57 -1 52 57 53 -1 53 57 58 -1 53 58 54 -1 54 58 18 -1
54 18 17 -1 55 59 60 56 -1 56 60 61 -1 56 61 57 -1 57 61 62 -1 57 62 58 -1 58
62 19 -1 58 19 18 -1 59 63 64 60 -1 60 64 65 -1 60 65 61 -1 61 65 66 -1 61 66
62 -1 62 66 20 -1 62 20 19 -1 63 67 68 64 -1 64 68 69 -1 64 69 65 -1 65 69 70
-1 65 70 66 -1 66 70 21 -1 66 21 20 -1 67 71 72 68 -1 68 72 73 -1 68 73 69 -1
69 73 74 -1 69 74 70 -1 70 74 22 -1 70 22 21 -1 71 0 3 72 -1 72 3 5 -1 72 5
73 -1 73 5 7 -1 73 7 74 -1 74 7 9 -1 74 9 22 -1 ]
}
}
]
}
]
}
]
}
]
}
]
}
Transform {
translation -7.622 3.025 0.0
rotation 0.0 1.0 0.0 1.571
scale 0.711 1.201 0.711
children [
Group {
children [
Transform {
translation 0.063 -0.267 0.016
rotation 1.0 0.0 0.0 1.571
scale 0.306 0.305 0.294
children [
Shape {
appearance Appearance {
material USE material2_mat
}
geometry IndexedFaceSet {
solid FALSE
convex FALSE
creaseAngle 3.142
coord Coordinate {
point [ -.74 -7.51 -.41 -1.36 -7.38 -.27 -1.36 -5.84 -.5 -.74 -5.87 -.67 -1.7
-7.17 -.07 -1.7 -5.79 -.24 -1.88 -6.57 .53 -1.88 -5.66 .53 -1.91 -6.57 .53
-1.91 -5.66 .52 -1.74 -7.19 -.09 -1.74 -5.8 -.27 -1.38 -7.41 -.31 -1.38 -5.85
-.55 -.75 -7.55 -.44 -.75 -5.88 -.72 1.29 -7.55 -.44 1.29 -5.88 -.72 1.93
-7.39 -.29 1.93 -5.84 -.53 2.24 -7.18 -.07 2.24 -5.79 -.25 2.36 -6.57 .53
2.36 -5.66 .52 2.32 -6.57 .53 2.32 -5.66 .53 2.19 -7.17 -.07 2.19 -5.79 -.24
1.9 -7.36 -.26 1.9 -5.83 -.48 1.3 -7.51 -.4 1.3 -5.87 -.67 ] }
coordIndex [ 0 1 2 -1 0 2 3 -1 1 4 5 -1 1 5 2 -1 4 6 7 -1 4 7 5 -1 6 8 9 -1
6 9 7 -1 8 10 11 -1 8 11 9 -1 10 12 13 -1 10 13 11 -1 12 14 15 -1 12 15 13 -1
14 16 17 15 -1 16 18 19 -1 16 19 17 -1 18 20 21 -1 18 21 19 -1 20 22 23 -1 20
23 21 -1 22 24 25 -1 22 25 23 -1 24 26 27 -1 24 27 25 -1 26 28 29 -1 26 29 27
-1 28 30 31 -1 28 31 29 -1 30 0 3 -1 30 3 31 -1 15 17 19 21 23 25 27 29 31 3
2 5 7 9 11 13 -1 24 22 20 18 16 14 12 10 8 6 4 1 0 30 28 26 -1 ]
}
}
]
}
Transform {
translation 0.064 -0.257 0.0
rotation 1.0 0.0 0.0 1.571
scale 0.295 0.295 0.295
children [
Shape {
appearance Appearance {
texture ImageTexture {
url "hog1.jpg"
}
textureTransform TextureTransform {
scale 3.5 2.0
}
material DEF Red_mat Material {
diffuseColor 1 0 0
}
}
geometry IndexedFaceSet {
solid FALSE
convex FALSE
creaseAngle 3.142
coord Coordinate {
point [ -.74 -7.49 -.37 -1.36 -7.36 -.24 -1.36 -4.57 -.66 -.74 -4.61 -.85
-1.7 -7.15 -.03 -1.7 -4.52 -.37 -1.88 -6.55 .56 -1.88 -4.38 .46 -1.91 -6.55
.56 -1.91 -4.38 .45 -1.74 -7.17 -.06 -1.74 -4.53 -.41 -1.38 -7.39 -.28 -1.38
-4.58 -.71 -.75 -7.52 -.41 -.75 -4.62 -.9 1.29 -7.52 -.41 1.29 -4.62 -.9 1.93
-7.37 -.26 1.93 -4.58 -.69 2.24 -7.16 -.04 2.24 -4.53 -.39 2.36 -6.55 .56
2.36 -4.38 .45 2.32 -6.55 .56 2.32 -4.38 .46 2.19 -7.15 -.03 2.19 -4.52 -.37
1.9 -7.34 -.23 1.9 -4.57 -.64 1.3 -7.48 -.37 1.3 -4.61 -.84 -1.36 -1.81 -.98
-.74 -1.82 -1.16 -1.7 -1.78 -.68 -1.88 -1.71 .16 -1.91 -1.71 .15 -1.74 -1.78
-.72 -1.38 -1.81 -1.03 -.75 -1.83 -1.21 1.29 -1.83 -1.21 1.93 -1.81 -1 2.24
-1.78 -.7 2.36 -1.71 .15 2.32 -1.71 .16 2.19 -1.78 -.68 1.9 -1.8 -.96 1.3
-1.82 -1.16 -1.36 -.4 -1.08 -.74 -.38 -1.26 -1.7 -.42 -.78 -1.88 -.5 .06 -1.91
-.5 .05 -1.74 -.42 -.82 -1.38 -.39 -1.13 -.75 -.38 -1.32 1.29 -.38 -1.32 1.93
-.39 -1.1 2.24 -.42 -.8 2.36 -.5 .05 2.32 -.5 .06 2.19 -.42 -.78 1.9 -.4 -1.06
1.3 -.38 -1.26 -1.36 .7 -1.12 -.74 .73 -1.3 -1.7 .65 -.83 -1.88 .5 0 -1.91
.5 0 -1.74 .65 -.86 -1.38 .71 -1.17 -.75 .74 -1.35 1.29 .74 -1.35 1.93 .7
-1.14 2.24 .65 -.84 2.36 .5 0 2.32 .5 0 2.19 .65 -.83 1.9 .69 -1.1 1.3 .73
-1.3 -1.36 1.84 -1.04 -.74 1.92 -1.21 -1.7 1.71 -.77 -1.88 1.36 -.01 -1.91
1.36 -.01 -1.74 1.73 -.81 -1.38 1.86 -1.08 -.75 1.94 -1.26 1.29 1.94 -1.26
1.93 1.85 -1.06 2.24 1.72 -.78 2.36 1.36 -.01 2.32 1.36 -.01 2.19 1.71 -.77
1.9 1.83 -1.02 1.3 1.92 -1.21 -1.36 3.61 -.75 -.74 3.7 -.91 -1.7 3.46 -.49
-1.88 3.04 .24 -1.91 3.04 .23 -1.74 3.48 -.53 -1.38 3.63 -.79 -.75 3.73 -.96
1.29 3.73 -.96 1.93 3.62 -.77 2.24 3.47 -.5 2.36 3.04 .23 2.32 3.04 .24 2.19
3.46 -.49 1.9 3.6 -.73 1.3 3.7 -.91 -1.36 5.95 -.24 -.74 6.04 -.41 -1.7 5.8
.01 -1.88 5.38 .74 -1.91 5.38 .74 -1.74 5.82 -.02 -1.38 5.97 -.29 -.75 6.07
-.45 1.29 6.07 -.45 1.93 5.96 -.27 2.24 5.81 0 2.36 5.38 .74 2.32 5.38 .74
2.19 5.8 .01 1.9 5.94 -.23 1.3 6.04 -.4 -1.36 9 -.26 -.74 9.1 -.42 -1.7 8.85
-.01 -1.88 8.43 .72 -1.91 8.43 .72 -1.74 8.87 -.04 -1.38 9.03 -.3 -.75 9.12
-.47 1.29 9.12 -.47 1.93 9.01 -.28 2.24 8.86 -.02 2.36 8.43 .72 2.32 8.43
.72 2.19 8.85 -.01 1.9 8.99 -.24 1.3 9.09 -.42 ]
}
texCoord
TextureCoordinate { point [ 0 0 .05 0 .05 .17 0 .18 .09 0 .09 .16 .16 0 .16
.14 .17 0 .17 .14 .24 0 .24 .17 .28 0 .28 .17 .34 0 .34 .18 .51 0 .51 .18
.56 0 .56 .17 .6 0 .6 .16 .67 0 .67 .14 .74 0 .74 .16 .78 0 .78 .17 .83 0
.83 .18 1 0 1 .18 .05 .34 0 .34 .09 .34 .16 .32 .17 .32 .24 .34 .28 .34 .34
.34 .51 .34 .56 .34 .6 .34 .67 .32 .74 .34 .78 .34 .83 .34 1 .34 .05 .43 0
.43 .09 .42 .16 .4 .17 .4 .24 .42 .28 .43 .34 .43 .51 .43 .56 .43 .6 .42 .67
.4 .74 .42 .78 .43 .83 .43 1 .43 .05 .49 0 .5 .09 .49 .16 .47 .17 .47 .24
.49 .28 .49 .34 .5 .51 .5 .56 .49 .6 .49 .67 .47 .74 .49 .78 .49 .83 .5 1
.5 .05 .56 0 .57 .09 .55 .16 .53 .17 .53 .24 .55 .28 .56 .34 .57 .51 .57 .56
.56 .6 .55 .67 .53 .74 .55 .78 .56 .83 .57 1 .57 .05 .67 0 .67 .09 .66 .16
.64 .17 .64 .24 .66 .28 .67 .34 .68 .51 .68 .56 .67 .6 .66 .67 .64 .74 .66
.78 .67 .83 .67 1 .67 .05 .82 0 .82 .09 .81 .16 .8 .17 .8 .24 .81 .28 .82
.34 .82 .51 .82 .56 .82 .6 .81 .67 .8 .74 .81 .78 .82 .83 .82 1 .82 .05 1
0 1 .09 1 .16 1 .17 1 .24 1 .28 1 .34 1 .51 1 .56 1 .6 1 .67 1 .74 1 .78 1
.83 1 1 1 .27 1 .75 1 .9 .85 .97 .62 .99 0 .96 .61 .89 .81 .75 .96 .27 .96
.13 .83 .05 .61 .01 0 .04 .64 .12 .86 ] }
coordIndex [ 0 1 2 -1 0 2 3 -1 1 4 5 -1 1 5 2 -1 4 6 7 -1 4 7 5 -1 6 8 9 -1
6 9 7 -1 8 10 11 -1 8 11 9 -1 10 12 13 -1 10 13 11 -1 12 14 15 -1 12 15 13 -1
14 16 17 15 -1 16 18 19 -1 16 19 17 -1 18 20 21 -1 18 21 19 -1 20 22 23 -1 20
23 21 -1 22 24 25 -1 22 25 23 -1 24 26 27 -1 24 27 25 -1 26 28 29 -1 26 29 27
-1 28 30 31 -1 28 31 29 -1 30 0 3 -1 30 3 31 -1 3 2 32 -1 3 32 33 -1 2 5 34
-1 2 34 32 -1 5 7 35 -1 5 35 34 -1 7 9 36 -1 7 36 35 -1 9 11 37 -1 9 37 36 -1
11 13 38 -1 11 38 37 -1 13 15 39 -1 13 39 38 -1 15 17 40 39 -1 17 19 41 -1 17
41 40 -1 19 21 42 -1 19 42 41 -1 21 23 43 -1 21 43 42 -1 23 25 44 -1 23 44 43
-1 25 27 45 -1 25 45 44 -1 27 29 46 -1 27 46 45 -1 29 31 47 -1 29 47 46 -1 31
3 33 -1 31 33 47 -1 33 32 48 -1 33 48 49 -1 32 34 50 -1 32 50 48 -1 34 35 51
-1 34 51 50 -1 35 36 52 -1 35 52 51 -1 36 37 53 -1 36 53 52 -1 37 38 54 -1 37
54 53 -1 38 39 55 -1 38 55 54 -1 39 40 56 55 -1 40 41 57 -1 40 57 56 -1 41 42
58 -1 41 58 57 -1 42 43 59 -1 42 59 58 -1 43 44 60 -1 43 60 59 -1 44 45 61 -1
44 61 60 -1 45 46 62 -1 45 62 61 -1 46 47 63 -1 46 63 62 -1 47 33 49 -1 47 49
63 -1 49 48 64 -1 49 64 65 -1 48 50 66 -1 48 66 64 -1 50 51 67 -1 50 67 66 -1
51 52 68 -1 51 68 67 -1 52 53 69 -1 52 69 68 -1 53 54 70 -1 53 70 69 -1 54 55
71 -1 54 71 70 -1 55 56 72 71 -1 56 57 73 -1 56 73 72 -1 57 58 74 -1 57 74 73
-1 58 59 75 -1 58 75 74 -1 59 60 76 -1 59 76 75 -1 60 61 77 -1 60 77 76 -1 61
62 78 -1 61 78 77 -1 62 63 79 -1 62 79 78 -1 63 49 65 -1 63 65 79 -1 65 64 80
-1 65 80 81 -1 64 66 82 -1 64 82 80 -1 66 67 83 -1 66 83 82 -1 67 68 84 -1 67
84 83 -1 68 69 85 -1 68 85 84 -1 69 70 86 -1 69 86 85 -1 70 71 87 -1 70 87 86
-1 71 72 88 87 -1 72 73 89 -1 72 89 88 -1 73 74 90 -1 73 90 89 -1 74 75 91 -1
74 91 90 -1 75 76 92 -1 75 92 91 -1 76 77 93 -1 76 93 92 -1 77 78 94 -1 77 94
93 -1 78 79 95 -1 78 95 94 -1 79 65 81 -1 79 81 95 -1 81 80 96 -1 81 96 97 -1
80 82 98 -1 80 98 96 -1 82 83 99 -1 82 99 98 -1 83 84 100 -1 83 100 99 -1 84
85 101 -1 84 101 100 -1 85 86 102 -1 85 102 101 -1 86 87 103 -1 86 103 102 -1
87 88 104 103 -1 88 89 105 -1 88 105 104 -1 89 90 106 -1 89 106 105 -1 90 91
107 -1 90 107 106 -1 91 92 108 -1 91 108 107 -1 92 93 109 -1 92 109 108 -1 93
94 110 -1 93 110 109 -1 94 95 111 -1 94 111 110 -1 95 81 97 -1 95 97 111 -1
97 96 112 113 -1 96 98 114 112 -1 98 99 115 114 -1 99 100 116 115 -1 100 101
117 116 -1 101 102 118 117 -1 102 103 119 118 -1 103 104 120 119 -1 104 105
121 120 -1 105 106 122 121 -1 106 107 123 122 -1 107 108 124 123 -1 108 109
125 124 -1 109 110 126 125 -1 110 111 127 126 -1 111 97 113 127 -1 113 112 128
129 -1 112 114 130 128 -1 114 115 131 130 -1 115 116 132 131 -1 116 117 133
132 -1 117 118 134 133 -1 118 119 135 134 -1 119 120 136 135 -1 120 121 137
136 -1 121 122 138 137 -1 122 123 139 138 -1 123 124 140 139 -1 124 125 141
140 -1 125 126 142 141 -1 126 127 143 142 -1 127 113 129 143 -1 135 136 137
138 139 140 141 142 143 129 128 130 131 132 133 134 -1 24 22 20 18 16 14 12
10 8 6 4 1 0 30 28 26 -1 ] texCoordIndex [ 0 1 2 -1 0 2 3 -1 1 4 5 -1 1 5
2 -1 4 6 7 -1 4 7 5 -1 6 8 9 -1 6 9 7 -1 8 10 11 -1 8 11 9 -1 10 12 13 -1
10 13 11 -1 12 14 15 -1 12 15 13 -1 14 16 17 15 -1 16 18 19 -1 16 19 17 -1
18 20 21 -1 18 21 19 -1 20 22 23 -1 20 23 21 -1 22 22 23 -1 22 23 23 -1 22
24 25 -1 22 25 23 -1 24 26 27 -1 24 27 25 -1 26 28 29 -1 26 29 27 -1 28 30
31 -1 28 31 29 -1 3 2 32 -1 3 32 33 -1 2 5 34 -1 2 34 32 -1 5 7 35 -1 5 35
34 -1 7 9 36 -1 7 36 35 -1 9 11 37 -1 9 37 36 -1 11 13 38 -1 11 38 37 -1 13
15 39 -1 13 39 38 -1 15 17 40 39 -1 17 19 41 -1 17 41 40 -1 19 21 42 -1 19
42 41 -1 21 23 43 -1 21 43 42 -1 23 23 43 -1 23 43 43 -1 23 25 44 -1 23 44
43 -1 25 27 45 -1 25 45 44 -1 27 29 46 -1 27 46 45 -1 29 31 47 -1 29 47 46
-1 33 32 48 -1 33 48 49 -1 32 34 50 -1 32 50 48 -1 34 35 51 -1 34 51 50 -1
35 36 52 -1 35 52 51 -1 36 37 53 -1 36 53 52 -1 37 38 54 -1 37 54 53 -1 38
39 55 -1 38 55 54 -1 39 40 56 55 -1 40 41 57 -1 40 57 56 -1 41 42 58 -1 41
58 57 -1 42 43 59 -1 42 59 58 -1 43 43 59 -1 43 59 59 -1 43 44 60 -1 43 60
59 -1 44 45 61 -1 44 61 60 -1 45 46 62 -1 45 62 61 -1 46 47 63 -1 46 63 62
-1 49 48 64 -1 49 64 65 -1 48 50 66 -1 48 66 64 -1 50 51 67 -1 50 67 66 -1
51 52 68 -1 51 68 67 -1 52 53 69 -1 52 69 68 -1 53 54 70 -1 53 70 69 -1 54
55 71 -1 54 71 70 -1 55 56 72 71 -1 56 57 73 -1 56 73 72 -1 57 58 74 -1 57
74 73 -1 58 59 75 -1 58 75 74 -1 59 59 75 -1 59 75 75 -1 59 60 76 -1 59 76
75 -1 60 61 77 -1 60 77 76 -1 61 62 78 -1 61 78 77 -1 62 63 79 -1 62 79 78
-1 65 64 80 -1 65 80 81 -1 64 66 82 -1 64 82 80 -1 66 67 83 -1 66 83 82 -1
67 68 84 -1 67 84 83 -1 68 69 85 -1 68 85 84 -1 69 70 86 -1 69 86 85 -1 70
71 87 -1 70 87 86 -1 71 72 88 87 -1 72 73 89 -1 72 89 88 -1 73 74 90 -1 73
90 89 -1 74 75 91 -1 74 91 90 -1 75 75 91 -1 75 91 91 -1 75 76 92 -1 75 92
91 -1 76 77 93 -1 76 93 92 -1 77 78 94 -1 77 94 93 -1 78 79 95 -1 78 95 94
-1 81 80 96 -1 81 96 97 -1 80 82 98 -1 80 98 96 -1 82 83 99 -1 82 99 98 -1
83 84 100 -1 83 100 99 -1 84 85 101 -1 84 101 100 -1 85 86 102 -1 85 102 101
-1 86 87 103 -1 86 103 102 -1 87 88 104 103 -1 88 89 105 -1 88 105 104 -1
89 90 106 -1 89 106 105 -1 90 91 107 -1 90 107 106 -1 91 91 107 -1 91 107
107 -1 91 92 108 -1 91 108 107 -1 92 93 109 -1 92 109 108 -1 93 94 110 -1
93 110 109 -1 94 95 111 -1 94 111 110 -1 97 96 112 113 -1 96 98 114 112 -1
98 99 115 114 -1 99 100 116 115 -1 100 101 117 116 -1 101 102 118 117 -1 102
103 119 118 -1 103 104 120 119 -1 104 105 121 120 -1 105 106 122 121 -1 106
107 123 122 -1 107 107 123 123 -1 107 108 124 123 -1 108 109 125 124 -1 109
110 126 125 -1 110 111 127 126 -1 113 112 128 129 -1 112 114 130 128 -1 114
115 131 130 -1 115 116 132 131 -1 116 117 133 132 -1 117 118 134 133 -1 118
119 135 134 -1 119 120 136 135 -1 120 121 137 136 -1 121 122 138 137 -1 122
123 139 138 -1 123 123 139 139 -1 123 124 140 139 -1 124 125 141 140 -1 125
126 142 141 -1 126 127 143 142 -1 144 145 146 147 30 148 149 150 151 152 153
154 155 0 156 157 -1 148 30 147 146 145 144 157 156 0 155 154 153 152 151
150 149 -1 ]
}
}
]
}
]
}
]
}
Transform {
translation -2.425 3.741 0.0
rotation 0.0 0.0 1.0 0.052
scale 0.878 0.9 1.0
children [
Group {
children [
Transform {
translation 0.11694 -0.09127 0.011
rotation -0.724 -0.12 -0.68 0.38
scale 0.186 0.186 0.186
children [
Shape {
appearance Appearance {
texture ImageTexture {
url "hog1.jpg"
}
textureTransform TextureTransform {
scale 1.0 5.0
}
material USE White_mat
}
geometry IndexedFaceSet {
solid FALSE
convex FALSE
creaseAngle 3.142
coord Coordinate {
point [ -20.14 -10.67 1.45 -20.27 -10.75 1.49 -19.06 -13.25 .99 -18.93 -13.18
.96 -20.44 -10.85 1.68 -19.23 -13.35 1.18 -20.48 -10.87 1.85 -19.27 -13.37
1.36 -20.39 -10.82 2.13 -19.18 -13.32 1.63 -20.28 -10.75 2.22 -19.07 -13.26
1.73 -19.98 -10.58 2.22 -18.77 -13.08 1.72 -19.8 -10.47 2 -18.59 -12.98 1.5
-19.81 -10.48 1.7 -18.6 -12.98 1.2 -20 -10.59 1.49 -18.79 -13.1 1 -17.12 -17.57
.12 -16.99 -17.49 .08 -17.29 -17.67 .31 -17.33 -17.69 .48 -17.24 -17.64 .75
-17.13 -17.57 .85 -16.83 -17.4 .85 -16.65 -17.29 .63 -16.65 -17.3 .32 -16.85
-17.41 .12 -16.5 -18.48 -.05 -16.43 -18.35 -.08 -16.6 -18.65 .14 -16.62 -18.69
.31 -16.57 -18.6 .59 -16.51 -18.49 .69 -16.33 -18.19 .68 -16.23 -18.01 .46
-16.23 -18.02 .16 -16.35 -18.21 -.05 -15.77 -18.99 -.15 -15.69 -18.87 -.19
-15.87 -19.17 .04 -15.89 -19.21 .21 -15.84 -19.12 .49 -15.77 -19 .58 -15.6
-18.7 .58 -15.49 -18.52 .36 -15.5 -18.53 .06 -15.61 -18.73 -.15 -14.87 -19.38
-.22 -14.79 -19.25 -.25 -14.97 -19.55 -.03 -14.99 -19.59 .14 -14.94 -19.5
.42 -14.87 -19.39 .52 -14.7 -19.09 .51 -14.6 -18.91 .29 -14.6 -18.92 -.01
-14.71 -19.11 -.22 -14.18 -19.46 -.28 -14.11 -19.33 -.31 -14.28 -19.63 -.09
-14.31 -19.67 .09 -14.25 -19.58 .36 -14.19 -19.47 .46 -14.02 -19.17 .45 -13.91
-18.99 .24 -13.92 -18.99 -.07 -14.03 -19.19 -.27 -13.04 -19.34 -.27 -13.08
-19.2 -.31 -12.99 -19.54 -.08 -12.98 -19.58 .09 -13 -19.48 .37 -13.04 -19.35
.46 -13.13 -19.02 .46 -13.18 -18.82 .24 -13.18 -18.83 -.06 -13.12 -19.05 -.27
-4.65 -17.11 -.36 -4.73 -16.98 -.39 -4.55 -17.28 -.17 -4.53 -17.32 0 -4.58
-17.23 .28 -4.65 -17.12 .38 -4.82 -16.82 .37 -4.93 -16.64 .15 -4.92 -16.65
-.15 -4.81 -16.84 -.36 -2.31 -15.96 -.36 -2.41 -15.86 -.39 -2.16 -16.1 -.17
-2.13 -16.14 0 -2.2 -16.06 .28 -2.3 -15.97 .38 -2.54 -15.73 .37 -2.69 -15.58
.15 -2.68 -15.59 -.15 -2.52 -15.75 -.36 -.77 -14.58 -.36 -.89 -14.49 -.39
-.62 -14.71 -.17 -.59 -14.74 0 -.66 -14.67 .28 -.77 -14.59 .38 -1.03 -14.37
.37 -1.19 -14.23 .15 -1.18 -14.24 -.15 -1.01 -14.38 -.36 .18 -12.66 -.36 .04
-12.61 -.39 .37 -12.73 -.17 .41 -12.75 0 .31 -12.71 .28 .19 -12.67 .38 -.14
-12.55 .37 -.34 -12.48 .15 -.33 -12.48 -.15 -.11 -12.56 -.36 .47 -10.58 -.36
.32 -10.58 -.39 .67 -10.58 -.17 .72 -10.58 0 .61 -10.58 .28 .48 -10.58 .38
.13 -10.58 .37 -.07 -10.58 .15 -.06 -10.58 -.15 .16 -10.58 -.36 .15 1 -.36
.01 1 -.39 .35 1 -.17 .4 1 0 .3 1 .28 .16 1 .38 -.18 1 .37 -.39 1 .15 -.38
1 -.15 -.15 1 -.36 ] } texCoord
TextureCoordinate { point [ 0 0 .06 0 .06 .07 0 .07 .17 0 .17 .07 .24 0 .24
.07 .36 0 .36 .07 .43 0 .43 .07 .57 0 .57 .07 .69 0 .69 .07 .81 0 .81 .07
.93 0 .93 .07 1 0 1 .07 .06 .18 0 .19 .17 .18 .24 .18 .36 .18 .43 .18 .57
.19 .69 .19 .81 .19 .93 .19 1 .19 .06 .21 0 .21 .17 .21 .24 .21 .36 .21 .43
.21 .57 .21 .69 .21 .81 .21 .93 .21 1 .21 .06 .23 0 .23 .17 .23 .24 .23 .36
.23 .43 .23 .57 .23 .69 .23 .81 .23 .93 .23 1 .23 .06 .26 0 .26 .17 .26 .24
.25 .36 .26 .43 .26 .57 .26 .69 .26 .81 .26 .93 .26 1 .26 .06 .27 0 .27 .17
.27 .24 .27 .36 .27 .43 .27 .57 .27 .69 .27 .81 .27 .93 .27 1 .27 .06 .3 0
.3 .17 .3 .24 .3 .36 .3 .43 .3 .57 .29 .69 .29 .81 .29 .93 .3 1 .3 .06 .51
0 .51 .17 .51 .24 .51 .36 .51 .43 .51 .57 .51 .69 .51 .81 .51 .93 .51 1 .51
.06 .57 0 .57 .17 .57 .24 .57 .36 .57 .43 .57 .57 .57 .69 .57 .81 .57 .93
.57 1 .57 .06 .62 0 .62 .17 .62 .24 .62 .36 .62 .43 .62 .57 .62 .69 .62 .81
.62 .93 .62 1 .62 .06 .67 0 .67 .17 .67 .24 .67 .36 .67 .43 .67 .57 .67 .69
.67 .81 .67 .93 .67 1 .67 .06 .72 0 .72 .17 .73 .24 .73 .36 .72 .43 .72 .57
.72 .69 .71 .81 .71 .93 .72 1 .72 .06 1 0 1 .17 1 .24 1 .36 1 .43 1 .57 1
.69 1 .81 1 .93 1 1 1 .5 1 .69 .95 .94 .71 1 .49 .87 .13 .7 0 .26 .01 0 .29
.01 .68 .3 .95 ] }
coordIndex [ 0 1 2 3 -1 1 4 5 2 -1 4 6 7 5 -1 6 8 9 7 -1 8 10 11 9 -1 10 12
13 11 -1 12 14 15 13 -1 14 16 17 15 -1 16 18 19 17 -1 18 0 3 19 -1 3 2 20 21
-1 2 5 22 20 -1 5 7 23 22 -1 7 9 24 23 -1 9 11 25 24 -1 11 13 26 25 -1 13 15
27 26 -1 15 17 28 27 -1 17 19 29 28 -1 19 3 21 29 -1 21 20 30 -1 21 30 31 -1
20 22 32 -1 20 32 30 -1 22 23 33 -1 22 33 32 -1 23 24 34 -1 23 34 33 -1 24 25
35 -1 24 35 34 -1 25 26 36 -1 25 36 35 -1 26 27 37 -1 26 37 36 -1 27 28 38 -1
27 38 37 -1 28 29 39 -1 28 39 38 -1 29 21 31 -1 29 31 39 -1 31 30 40 41 -1 30
32 42 40 -1 32 33 43 42 -1 33 34 44 43 -1 34 35 45 44 -1 35 36 46 45 -1 36 37
47 46 -1 37 38 48 47 -1 38 39 49 48 -1 39 31 41 49 -1 41 40 50 51 -1 40 42 52
50 -1 42 43 53 52 -1 43 44 54 53 -1 44 45 55 54 -1 45 46 56 55 -1 46 47 57 56
-1 47 48 58 57 -1 48 49 59 58 -1 49 41 51 59 -1 51 50 60 61 -1 50 52 62 60 -1
52 53 63 62 -1 53 54 64 63 -1 54 55 65 64 -1 55 56 66 65 -1 56 57 67 66 -1 57
58 68 67 -1 58 59 69 68 -1 59 51 61 69 -1 61 60 70 -1 61 70 71 -1 60 62 72 -1
60 72 70 -1 62 63 73 -1 62 73 72 -1 63 64 74 -1 63 74 73 -1 64 65 75 -1 64 75
74 -1 65 66 76 -1 65 76 75 -1 66 67 77 -1 66 77 76 -1 67 68 78 -1 67 78 77 -1
68 69 79 -1 68 79 78 -1 69 61 71 -1 69 71 79 -1 71 70 80 -1 71 80 81 -1 70 72
82 -1 70 82 80 -1 72 73 83 -1 72 83 82 -1 73 74 84 -1 73 84 83 -1 74 75 85 -1
74 85 84 -1 75 76 86 -1 75 86 85 -1 76 77 87 -1 76 87 86 -1 77 78 88 -1 77 88
87 -1 78 79 89 -1 78 89 88 -1 79 71 81 -1 79 81 89 -1 81 80 90 -1 81 90 91 -1
80 82 92 -1 80 92 90 -1 82 83 93 -1 82 93 92 -1 83 84 94 -1 83 94 93 -1 84 85
95 -1 84 95 94 -1 85 86 96 -1 85 96 95 -1 86 87 97 -1 86 97 96 -1 87 88 98 -1
87 98 97 -1 88 89 99 -1 88 99 98 -1 89 81 91 -1 89 91 99 -1 91 90 100 -1 91
100 101 -1 90 92 102 -1 90 102 100 -1 92 93 103 -1 92 103 102 -1 93 94 104 -1
93 104 103 -1 94 95 105 -1 94 105 104 -1 95 96 106 -1 95 106 105 -1 96 97 107
-1 96 107 106 -1 97 98 108 -1 97 108 107 -1 98 99 109 -1 98 109 108 -1 99 91
101 -1 99 101 109 -1 101 100 110 -1 101 110 111 -1 100 102 112 -1 100 112 110
-1 102 103 113 -1 102 113 112 -1 103 104 114 -1 103 114 113 -1 104 105 115 -1
104 115 114 -1 105 106 116 -1 105 116 115 -1 106 107 117 -1 106 117 116 -1 107
108 118 -1 107 118 117 -1 108 109 119 -1 108 119 118 -1 109 101 111 -1 109 111
119 -1 111 110 120 -1 111 120 121 -1 110 112 122 -1 110 122 120 -1 112 113 123
-1 112 123 122 -1 113 114 124 -1 113 124 123 -1 114 115 125 -1 114 125 124 -1
115 116 126 -1 115 126 125 -1 116 117 127 -1 116 127 126 -1 117 118 128 -1 117
128 127 -1 118 119 129 -1 118 129 128 -1 119 111 121 -1 119 121 129 -1 121 120
130 131 -1 120 122 132 130 -1 122 123 133 132 -1 123 124 134 133 -1 124 125
135 134 -1 125 126 136 135 -1 126 127 137 136 -1 127 128 138 137 -1 128 129
139 138 -1 129 121 131 139 -1 131 130 132 133 134 135 136 137 138 139 -1 18
16 14 12 10 8 6 4 1 0 -1 ] texCoordIndex [ 0 1 2 3 -1 1 4 5 2 -1 4 6 7 5 -1
6 8 9 7 -1 8 10 11 9 -1 10 12 13 11 -1 12 14 15 13 -1 14 16 17 15 -1 16 18
19 17 -1 18 20 21 19 -1 3 2 22 23 -1 2 5 24 22 -1 5 7 25 24 -1 7 9 26 25 -1
9 11 27 26 -1 11 13 28 27 -1 13 15 29 28 -1 15 17 30 29 -1 17 19 31 30 -1
19 21 32 31 -1 23 22 33 -1 23 33 34 -1 22 24 35 -1 22 35 33 -1 24 25 36 -1
24 36 35 -1 25 26 37 -1 25 37 36 -1 26 27 38 -1 26 38 37 -1 27 28 39 -1 27
39 38 -1 28 29 40 -1 28 40 39 -1 29 30 41 -1 29 41 40 -1 30 31 42 -1 30 42
41 -1 31 32 43 -1 31 43 42 -1 34 33 44 45 -1 33 35 46 44 -1 35 36 47 46 -1
36 37 48 47 -1 37 38 49 48 -1 38 39 50 49 -1 39 40 51 50 -1 40 41 52 51 -1
41 42 53 52 -1 42 43 54 53 -1 45 44 55 56 -1 44 46 57 55 -1 46 47 58 57 -1
47 48 59 58 -1 48 49 60 59 -1 49 50 61 60 -1 50 51 62 61 -1 51 52 63 62 -1
52 53 64 63 -1 53 54 65 64 -1 56 55 66 67 -1 55 57 68 66 -1 57 58 69 68 -1
58 59 70 69 -1 59 60 71 70 -1 60 61 72 71 -1 61 62 73 72 -1 62 63 74 73 -1
63 64 75 74 -1 64 65 76 75 -1 67 66 77 -1 67 77 78 -1 66 68 79 -1 66 79 77
-1 68 69 80 -1 68 80 79 -1 69 70 81 -1 69 81 80 -1 70 71 82 -1 70 82 81 -1
71 72 83 -1 71 83 82 -1 72 73 84 -1 72 84 83 -1 73 74 85 -1 73 85 84 -1 74
75 86 -1 74 86 85 -1 75 76 87 -1 75 87 86 -1 78 77 88 -1 78 88 89 -1 77 79
90 -1 77 90 88 -1 79 80 91 -1 79 91 90 -1 80 81 92 -1 80 92 91 -1 81 82 93
-1 81 93 92 -1 82 83 94 -1 82 94 93 -1 83 84 95 -1 83 95 94 -1 84 85 96 -1
84 96 95 -1 85 86 97 -1 85 97 96 -1 86 87 98 -1 86 98 97 -1 89 88 99 -1 89
99 100 -1 88 90 101 -1 88 101 99 -1 90 91 102 -1 90 102 101 -1 91 92 103 -1
91 103 102 -1 92 93 104 -1 92 104 103 -1 93 94 105 -1 93 105 104 -1 94 95
106 -1 94 106 105 -1 95 96 107 -1 95 107 106 -1 96 97 108 -1 96 108 107 -1
97 98 109 -1 97 109 108 -1 100 99 110 -1 100 110 111 -1 99 101 112 -1 99 112
110 -1 101 102 113 -1 101 113 112 -1 102 103 114 -1 102 114 113 -1 103 104
115 -1 103 115 114 -1 104 105 116 -1 104 116 115 -1 105 106 117 -1 105 117
116 -1 106 107 118 -1 106 118 117 -1 107 108 119 -1 107 119 118 -1 108 109
120 -1 108 120 119 -1 111 110 121 -1 111 121 122 -1 110 112 123 -1 110 123
121 -1 112 113 124 -1 112 124 123 -1 113 114 125 -1 113 125 124 -1 114 115
126 -1 114 126 125 -1 115 116 127 -1 115 127 126 -1 116 117 128 -1 116 128
127 -1 117 118 129 -1 117 129 128 -1 118 119 130 -1 118 130 129 -1 119 120
131 -1 119 131 130 -1 122 121 132 -1 122 132 133 -1 121 123 134 -1 121 134
132 -1 123 124 135 -1 123 135 134 -1 124 125 136 -1 124 136 135 -1 125 126
137 -1 125 137 136 -1 126 127 138 -1 126 138 137 -1 127 128 139 -1 127 139
138 -1 128 129 140 -1 128 140 139 -1 129 130 141 -1 129 141 140 -1 130 131
142 -1 130 142 141 -1 133 132 143 144 -1 132 134 145 143 -1 134 135 146 145
-1 135 136 147 146 -1 136 137 148 147 -1 137 138 149 148 -1 138 139 150 149
-1 139 140 151 150 -1 140 141 152 151 -1 141 142 153 152 -1 154 155 156 157
158 159 160 161 162 163 -1 163 162 161 160 159 158 157 156 155 154 -1 ]
}
}
]
}
Transform {
translation 0.06994 -0.04027 0.0
rotation -0.724 -0.12 -0.68 0.38
scale 0.186 0.186 0.186
children [
Shape {
appearance Appearance {
texture ImageTexture {
url "hog1.jpg"
}
textureTransform TextureTransform {
scale 1.0 5.0
}
material USE White_mat
}
geometry IndexedFaceSet {
solid FALSE
convex FALSE
creaseAngle 3.142
coord Coordinate {
point [ -20.14 -10.68 1.45 -20.1 -10.82 1.49 -14.24 -8.13 2.03 -14.28 -7.99
1.99 -20.05 -11.01 1.68 -14.19 -8.33 2.22 -20.03 -11.06 1.85 -14.18 -8.37
2.39 -20.06 -10.96 2.13 -14.2 -8.27 2.67 -20.1 -10.83 2.22 -14.24 -8.14 2.76
-20.19 -10.49 2.22 -14.33 -7.81 2.76 -20.24 -10.29 2 -14.38 -7.61 2.54 -20.24
-10.3 1.7 -14.38 -7.62 2.24 -20.18 -10.52 1.49 -14.32 -7.84 2.03 -13.34 -7.3
1.81 -13.39 -7.16 1.8 -13.26 -7.51 1.98 -13.23 -7.56 2.14 -13.23 -7.49 2.43
-13.26 -7.37 2.54 -13.37 -7.04 2.57 -13.46 -6.83 2.38 -13.49 -6.81 2.08 -13.44
-7.01 1.85 -12.69 -6.5 1.22 -12.75 -6.37 1.18 -12.57 -6.67 1.4 -12.51 -6.69
1.56 -12.46 -6.57 1.83 -12.48 -6.43 1.92 -12.6 -6.11 1.91 -12.73 -5.94 1.7
-12.82 -5.98 1.41 -12.8 -6.21 1.22 -12.02 -5.13 -.58 -12.08 -5 -.63 -11.9
-5.28 -.37 -11.85 -5.28 -.2 -11.84 -5.13 .05 -11.87 -4.99 .13 -12 -4.68 .09
-12.13 -4.53 -.15 -12.19 -4.6 -.43 -12.14 -4.85 -.61 -11.84 -4.86 -.72 -11.91
-4.73 -.77 -11.73 -5.01 -.52 -11.67 -5.01 -.35 -11.66 -4.87 -.09 -11.69 -4.72
-.01 -11.83 -4.41 -.06 -11.95 -4.26 -.29 -12.01 -4.33 -.58 -11.96 -4.58 -.75
-11.67 -4.56 -.84 -11.71 -4.42 -.87 -11.62 -4.76 -.65 -11.61 -4.8 -.47 -11.63
-4.7 -.2 -11.67 -4.57 -.1 -11.76 -4.24 -.11 -11.81 -4.04 -.32 -11.81 -4.05
-.63 -11.75 -4.27 -.83 -.47 1.54 -.13 -.51 1.69 -.16 -.42 1.35 .06 -.41 1.31
.23 -.44 1.4 .51 -.47 1.53 .61 -.56 1.87 .6 -.61 2.07 .38 -.61 2.06 .08 -.55
1.84 -.13 ] } texCoord
TextureCoordinate { point [ 0 0 .06 0 .06 .26 0 .26 .17 0 .17 .26 .24 0 .24
.26 .36 0 .36 .26 .43 0 .43 .26 .57 0 .57 .26 .69 0 .69 .26 .81 0 .81 .26
.93 0 .93 .26 1 0 1 .26 .06 .31 0 .31 .17 .31 .24 .31 .36 .31 .43 .31 .57
.31 .69 .31 .81 .31 .93 .31 1 .31 .06 .36 0 .36 .17 .36 .24 .36 .36 .37 .43
.37 .57 .37 .69 .36 .81 .36 .93 .36 1 .36 .06 .46 0 .45 .17 .46 .24 .46 .36
.46 .43 .46 .57 .46 .69 .46 .81 .46 .93 .46 1 .45 .06 .47 0 .47 .17 .47 .24
.47 .36 .48 .43 .48 .57 .48 .69 .47 .81 .47 .93 .47 1 .47 .06 .48 0 .48 .17
.48 .24 .48 .43 .49 .57 .49 .69 .49 .81 .49 .93 .48 1 .48 .06 1 0 1 .17 1
.24 1 .36 1 .43 1 .57 1 .69 1 .81 1 .93 1 1 1 .5 1 .69 .95 .94 .71 1 .49 .87
.13 .7 0 .26 .01 0 .29 .01 .68 .3 .95 ] }
coordIndex [ 0 1 2 3 -1 1 4 5 2 -1 4 6 7 5 -1 6 8 9 7 -1 8 10 11 9 -1 10 12
13 11 -1 12 14 15 13 -1 14 16 17 15 -1 16 18 19 17 -1 18 0 3 19 -1 3 2 20 -1
3 20 21 -1 2 5 22 -1 2 22 20 -1 5 7 23 -1 5 23 22 -1 7 9 24 -1 7 24 23 -1 9
11 25 -1 9 25 24 -1 11 13 26 -1 11 26 25 -1 13 15 27 -1 13 27 26 -1 15 17 28
-1 15 28 27 -1 17 19 29 -1 17 29 28 -1 19 3 21 -1 19 21 29 -1 21 20 30 -1 21
30 31 -1 20 22 32 -1 20 32 30 -1 22 23 33 -1 22 33 32 -1 23 24 34 -1 23 34 33
-1 24 25 35 -1 24 35 34 -1 25 26 36 -1 25 36 35 -1 26 27 37 -1 26 37 36 -1 27
28 38 -1 27 38 37 -1 28 29 39 -1 28 39 38 -1 29 21 31 -1 29 31 39 -1 31 30 40
-1 31 40 41 -1 30 32 42 -1 30 42 40 -1 32 33 43 -1 32 43 42 -1 33 34 44 -1 33
44 43 -1 34 35 45 -1 34 45 44 -1 35 36 46 -1 35 46 45 -1 36 37 47 -1 36 47 46
-1 37 38 48 -1 37 48 47 -1 38 39 49 -1 38 49 48 -1 39 31 41 -1 39 41 49 -1 41
40 50 51 -1 40 42 52 50 -1 42 43 53 52 -1 43 44 54 53 -1 44 45 55 54 -1 45 46
56 55 -1 46 47 57 56 -1 47 48 58 57 -1 48 49 59 58 -1 49 41 51 59 -1 51 50 60
-1 51 60 61 -1 50 52 62 -1 50 62 60 -1 52 53 63 -1 52 63 62 -1 53 54 64 -1 53
64 63 -1 54 55 65 -1 54 65 64 -1 55 56 66 -1 55 66 65 -1 56 57 67 -1 56 67 66
-1 57 58 68 -1 57 68 67 -1 58 59 69 -1 58 69 68 -1 59 51 61 -1 59 61 69 -1 61
60 70 71 -1 60 62 72 70 -1 62 63 73 72 -1 63 64 74 73 -1 64 65 75 74 -1 65 66
76 75 -1 66 67 77 76 -1 67 68 78 77 -1 68 69 79 78 -1 69 61 71 79 -1 71 70 72
73 74 75 76 77 78 79 -1 18 16 14 12 10 8 6 4 1 0 -1 ] texCoordIndex [ 0 1
2 3 -1 1 4 5 2 -1 4 6 7 5 -1 6 8 9 7 -1 8 10 11 9 -1 10 12 13 11 -1 12 14
15 13 -1 14 16 17 15 -1 16 18 19 17 -1 18 20 21 19 -1 3 2 22 -1 3 22 23 -1
2 5 24 -1 2 24 22 -1 5 7 25 -1 5 25 24 -1 7 9 26 -1 7 26 25 -1 9 11 27 -1
9 27 26 -1 11 13 28 -1 11 28 27 -1 13 15 29 -1 13 29 28 -1 15 17 30 -1 15
30 29 -1 17 19 31 -1 17 31 30 -1 19 21 32 -1 19 32 31 -1 23 22 33 -1 23 33
34 -1 22 24 35 -1 22 35 33 -1 24 25 36 -1 24 36 35 -1 25 26 37 -1 25 37 36
-1 26 27 38 -1 26 38 37 -1 27 28 39 -1 27 39 38 -1 28 29 40 -1 28 40 39 -1
29 30 41 -1 29 41 40 -1 30 31 42 -1 30 42 41 -1 31 32 43 -1 31 43 42 -1 34
33 44 -1 34 44 45 -1 33 35 46 -1 33 46 44 -1 35 36 47 -1 35 47 46 -1 36 37
48 -1 36 48 47 -1 37 38 49 -1 37 49 48 -1 38 39 50 -1 38 50 49 -1 39 40 51
-1 39 51 50 -1 40 41 52 -1 40 52 51 -1 41 42 53 -1 41 53 52 -1 42 43 54 -1
42 54 53 -1 45 44 55 56 -1 44 46 57 55 -1 46 47 58 57 -1 47 48 59 58 -1 48
49 60 59 -1 49 50 61 60 -1 50 51 62 61 -1 51 52 63 62 -1 52 53 64 63 -1 53
54 65 64 -1 56 55 66 -1 56 66 67 -1 55 57 68 -1 55 68 66 -1 57 58 69 -1 57
69 68 -1 58 59 59 -1 58 59 69 -1 59 60 70 -1 59 70 59 -1 60 61 71 -1 60 71
70 -1 61 62 72 -1 61 72 71 -1 62 63 73 -1 62 73 72 -1 63 64 74 -1 63 74 73
-1 64 65 75 -1 64 75 74 -1 67 66 76 77 -1 66 68 78 76 -1 68 69 79 78 -1 69
59 80 79 -1 59 70 81 80 -1 70 71 82 81 -1 71 72 83 82 -1 72 73 84 83 -1 73
74 85 84 -1 74 75 86 85 -1 87 88 89 90 91 92 93 94 95 96 -1 96 95 94 93 92
91 90 89 88 87 -1 ]
}
}
]
}
Transform {
translation 0.06994 -0.04027 0.0
rotation -0.724 -0.12 -0.68 0.38
scale 0.186 0.186 0.186
children [
Shape {
appearance Appearance {
texture ImageTexture {
url "hog1.jpg"
}
textureTransform TextureTransform {
scale 1.0 5.0
}
material USE White_mat
}
geometry IndexedFaceSet {
solid FALSE
convex FALSE
creaseAngle 3.142
coord Coordinate {
point [ -20.69 -8.95 -4.88 -20.65 -9.1 -4.85 -14.55 -6.16 -4.81 -14.56 -6.01
-4.82 -20.6 -9.29 -4.66 -14.6 -6.39 -4.67 -20.59 -9.33 -4.49 -14.66 -6.47
-4.53 -20.62 -9.23 -4.21 -14.79 -6.42 -4.27 -20.65 -9.11 -4.11 -14.85 -6.31
-4.16 -20.74 -8.77 -4.12 -14.91 -5.97 -4.12 -20.79 -8.57 -4.34 -14.85 -5.73
-4.28 -20.79 -8.58 -4.64 -14.72 -5.68 -4.55 -20.73 -8.8 -4.85 -14.6 -5.86
-4.77 -13.96 -5.61 -4.38 -13.99 -5.46 -4.38 -13.97 -5.85 -4.24 -14.01 -5.93
-4.1 -14.13 -5.91 -3.82 -14.19 -5.81 -3.71 -14.28 -5.48 -3.65 -14.26 -5.22
-3.81 -14.16 -5.15 -4.09 -14.04 -5.31 -4.32 -13.58 -5.22 -3.87 -13.6 -5.07
-3.9 -13.58 -5.43 -3.69 -13.6 -5.49 -3.53 -13.67 -5.41 -3.25 -13.72 -5.29
-3.15 -13.79 -4.95 -3.14 -13.79 -4.73 -3.34 -13.73 -4.71 -3.64 -13.64 -4.92
-3.85 -12.54 -4.88 -1.81 -12.57 -4.74 -1.86 -12.55 -5.08 -1.62 -12.58 -5.12
-1.45 -12.67 -5.02 -1.18 -12.72 -4.89 -1.1 -12.79 -4.55 -1.13 -12.78 -4.35
-1.35 -12.71 -4.36 -1.64 -12.61 -4.58 -1.83 -12.11 -4.78 -1.14 -12.14 -4.63
-1.17 -12.12 -4.98 -.95 -12.15 -5.03 -.78 -12.24 -4.94 -.52 -12.29 -4.82 -.42
-12.36 -4.48 -.43 -12.36 -4.27 -.65 -12.28 -4.26 -.94 -12.18 -4.48 -1.14 -11.67
-4.56 -.84 -11.71 -4.42 -.87 -11.62 -4.76 -.65 -11.61 -4.8 -.47 -11.63 -4.7
-.2 -11.67 -4.57 -.1 -11.76 -4.24 -.11 -11.81 -4.04 -.32 -11.81 -4.05 -.63
-11.75 -4.27 -.83 -.47 1.54 -.13 -.51 1.69 -.16 -.42 1.35 .06 -.41 1.31 .23
-.44 1.4 .51 -.47 1.53 .61 -.56 1.87 .6 -.61 2.07 .38 -.61 2.06 .08 -.55 1.84
-.13 ]
}
texCoord
TextureCoordinate { point [ 0 0 .06 0 .06 .27 0 .27 .17 0 .17 .27 .24 0 .24
.26 .36 0 .36 .26 .43 0 .43 .26 .57 0 .57 .26 .69 0 .69 .26 .81 0 .81 .27
.93 0 .93 .27 1 0 1 .27 .06 .31 0 .31 .17 .31 .24 .3 .36 .3 .43 .3 .57 .3
.69 .3 .81 .31 .93 .31 1 .31 .06 .34 0 .34 .17 .34 .24 .34 .36 .33 .43 .33
.57 .33 .69 .34 .81 .34 .93 .34 1 .34 .06 .43 0 .43 .17 .43 .24 .43 .36 .43
.43 .43 .57 .42 .69 .43 .81 .43 .93 .43 1 .43 .06 .46 0 .47 .17 .46 .24 .46
.36 .46 .43 .46 .57 .46 .69 .46 .81 .46 .93 .46 1 .47 .06 .49 0 .49 .17 .49
.24 .49 .36 .49 .43 .49 .57 .49 .69 .49 .81 .49 .93 .49 1 .49 .06 1 0 1 .17
1 .24 1 .36 1 .43 1 .57 1 .69 1 .81 1 .93 1 1 1 .5 1 .69 .95 .94 .71 .87 .13
.7 0 .26 .01 0 .29 .01 .68 .3 .95 ] }
coordIndex [ 0 1 2 -1 0 2 3 -1 1 4 5 -1 1 5 2 -1 4 6 7 -1 4 7 5 -1 6 8 9 -1
6 9 7 -1 8 10 11 -1 8 11 9 -1 10 12 13 -1 10 13 11 -1 12 14 15 -1 12 15 13 -1
14 16 17 -1 14 17 15 -1 16 18 19 -1 16 19 17 -1 18 0 3 -1 18 3 19 -1 3 2 20
-1 3 20 21 -1 2 5 22 -1 2 22 20 -1 5 7 23 -1 5 23 22 -1 7 9 24 -1 7 24 23 -1
9 11 25 -1 9 25 24 -1 11 13 26 -1 11 26 25 -1 13 15 27 -1 13 27 26 -1 15 17
28 -1 15 28 27 -1 17 19 29 -1 17 29 28 -1 19 3 21 -1 19 21 29 -1 21 20 30 -1
21 30 31 -1 20 22 32 -1 20 32 30 -1 22 23 33 -1 22 33 32 -1 23 24 34 -1 23 34
33 -1 24 25 35 -1 24 35 34 -1 25 26 36 -1 25 36 35 -1 26 27 37 -1 26 37 36 -1
27 28 38 -1 27 38 37 -1 28 29 39 -1 28 39 38 -1 29 21 31 -1 29 31 39 -1 31 30
40 -1 31 40 41 -1 30 32 42 -1 30 42 40 -1 32 33 43 -1 32 43 42 -1 33 34 44 -1
33 44 43 -1 34 35 45 -1 34 45 44 -1 35 36 46 -1 35 46 45 -1 36 37 47 -1 36 47
46 -1 37 38 48 -1 37 48 47 -1 38 39 49 -1 38 49 48 -1 39 31 41 -1 39 41 49 -1
41 40 50 -1 41 50 51 -1 40 42 52 -1 40 52 50 -1 42 43 53 -1 42 53 52 -1 43 44
54 -1 43 54 53 -1 44 45 55 -1 44 55 54 -1 45 46 56 -1 45 56 55 -1 46 47 57 -1
46 57 56 -1 47 48 58 -1 47 58 57 -1 48 49 59 -1 48 59 58 -1 49 41 51 -1 49 51
59 -1 51 50 60 -1 51 60 61 -1 50 52 62 -1 50 62 60 -1 52 53 63 -1 52 63 62 -1
53 54 64 -1 53 64 63 -1 54 55 65 -1 54 65 64 -1 55 56 66 -1 55 66 65 -1 56 57
67 -1 56 67 66 -1 57 58 68 -1 57 68 67 -1 58 59 69 -1 58 69 68 -1 59 51 61 -1
59 61 69 -1 61 60 70 71 -1 60 62 72 70 -1 62 63 73 72 -1 63 64 74 73 -1 64 65
75 74 -1 65 66 76 75 -1 66 67 77 76 -1 67 68 78 77 -1 68 69 79 78 -1 69 61 71
79 -1 71 70 72 73 74 75 76 77 78 79 -1 18 16 14 12 10 8 6 4 1 0 -1 ] texCoordIndex
[ 0 1 2 -1 0 2 3 -1 1 4 5 -1 1 5 2 -1 4 6 7 -1 4 7 5 -1 6 8 9 -1 6 9 7 -1
8 10 11 -1 8 11 9 -1 10 12 13 -1 10 13 11 -1 12 14 15 -1 12 15 13 -1 14 16
17 -1 14 17 15 -1 16 18 19 -1 16 19 17 -1 18 20 21 -1 18 21 19 -1 3 2 22 -1
3 22 23 -1 2 5 24 -1 2 24 22 -1 5 7 25 -1 5 25 24 -1 7 9 26 -1 7 26 25 -1
9 11 27 -1 9 27 26 -1 11 13 28 -1 11 28 27 -1 13 15 29 -1 13 29 28 -1 15 17
30 -1 15 30 29 -1 17 19 31 -1 17 31 30 -1 19 21 32 -1 19 32 31 -1 23 22 33
-1 23 33 34 -1 22 24 35 -1 22 35 33 -1 24 25 36 -1 24 36 35 -1 25 26 37 -1
25 37 36 -1 26 27 38 -1 26 38 37 -1 27 28 39 -1 27 39 38 -1 28 29 40 -1 28
40 39 -1 29 30 41 -1 29 41 40 -1 30 31 42 -1 30 42 41 -1 31 32 43 -1 31 43
42 -1 34 33 44 -1 34 44 45 -1 33 35 46 -1 33 46 44 -1 35 36 47 -1 35 47 46
-1 36 37 48 -1 36 48 47 -1 37 38 49 -1 37 49 48 -1 38 39 50 -1 38 50 49 -1
39 40 51 -1 39 51 50 -1 40 41 52 -1 40 52 51 -1 41 42 53 -1 41 53 52 -1 42
43 54 -1 42 54 53 -1 45 44 55 -1 45 55 56 -1 44 46 57 -1 44 57 55 -1 46 47
58 -1 46 58 57 -1 47 48 59 -1 47 59 58 -1 48 49 60 -1 48 60 59 -1 49 50 61
-1 49 61 60 -1 50 51 62 -1 50 62 61 -1 51 52 63 -1 51 63 62 -1 52 53 64 -1
52 64 63 -1 53 54 65 -1 53 65 64 -1 56 55 66 -1 56 66 67 -1 55 57 68 -1 55
68 66 -1 57 58 69 -1 57 69 68 -1 58 59 70 -1 58 70 69 -1 59 60 71 -1 59 71
70 -1 60 61 72 -1 60 72 71 -1 61 62 73 -1 61 73 72 -1 62 63 74 -1 62 74 73
-1 63 64 75 -1 63 75 74 -1 64 65 76 -1 64 76 75 -1 67 66 77 78 -1 66 68 79
77 -1 68 69 80 79 -1 69 70 81 80 -1 70 71 82 81 -1 71 72 83 82 -1 72 73 84
83 -1 73 74 85 84 -1 74 75 86 85 -1 75 76 87 86 -1 88 89 90 76 91 92 93 94
95 96 -1 96 95 94 93 92 91 76 90 89 88 -1 ]
}
}
]
}
Transform {
translation 0.116 -0.116 -0.073
rotation 0.724 0.119 -0.68 0.38
scale 0.186 0.186 0.186
children [
Shape {
appearance Appearance {
texture ImageTexture {
url "hog1.jpg"
}
textureTransform TextureTransform {
scale 1.0 5.0
}
material USE White_mat
}
geometry IndexedFaceSet {
solid FALSE
convex FALSE
creaseAngle 3.142
coord Coordinate {
point [ -20.21 -10.53 -2.41 -20.34 -10.61 -2.37 -19 -13.46 -1.78 -18.87 -13.39
-1.82 -20.51 -10.71 -2.19 -19.18 -13.56 -1.59 -20.55 -10.73 -2.01 -19.22 -13.59
-1.42 -20.46 -10.68 -1.74 -19.13 -13.54 -1.14 -20.34 -10.61 -1.64 -19.01 -13.47
-1.05 -20.04 -10.44 -1.65 -18.71 -13.3 -1.05 -19.86 -10.33 -1.86 -18.53 -13.19
-1.27 -19.87 -10.34 -2.17 -18.54 -13.2 -1.57 -20.07 -10.45 -2.37 -18.74 -13.31
-1.78 -17.21 -17.53 -.76 -17.08 -17.45 -.79 -17.38 -17.63 -.57 -17.42 -17.65
-.4 -17.33 -17.6 -.12 -17.21 -17.53 -.02 -16.91 -17.36 -.03 -16.73 -17.26
-.25 -16.74 -17.26 -.55 -16.94 -17.37 -.76 -16.47 -18.44 -.61 -16.4 -18.31
-.65 -16.57 -18.61 -.42 -16.6 -18.65 -.25 -16.54 -18.56 .03 -16.48 -18.45
.12 -16.3 -18.15 .12 -16.2 -17.97 -.1 -16.21 -17.98 -.4 -16.32 -18.17 -.61
-15.74 -19.03 -.58 -15.67 -18.9 -.62 -15.84 -19.2 -.39 -15.87 -19.24 -.22
-15.82 -19.15 .05 -15.75 -19.04 .15 -15.58 -18.74 .15 -15.47 -18.56 -.07 -15.48
-18.57 -.37 -15.59 -18.76 -.58 -14.84 -19.43 -.5 -14.77 -19.3 -.54 -14.94
-19.6 -.31 -14.96 -19.64 -.14 -14.91 -19.55 .13 -14.85 -19.43 .23 -14.67 -19.13
.23 -14.57 -18.95 .01 -14.57 -18.96 -.29 -14.69 -19.16 -.5 -14.13 -19.56 -.5
-14.05 -19.44 -.53 -14.23 -19.74 -.31 -14.25 -19.78 -.14 -14.2 -19.69 .14
-14.13 -19.57 .24 -13.96 -19.27 .23 -13.86 -19.09 .01 -13.86 -19.1 -.29 -13.97
-19.3 -.49 -13.03 -19.39 -.53 -13.07 -19.24 -.57 -12.98 -19.58 -.35 -12.96
-19.62 -.17 -12.99 -19.52 .1 -13.03 -19.4 .2 -13.12 -19.06 .19 -13.17 -18.86
-.02 -13.17 -18.87 -.33 -13.11 -19.09 -.53 -4.65 -17.11 -.49 -4.73 -16.98
-.53 -4.55 -17.29 -.3 -4.53 -17.32 -.13 -4.58 -17.24 .15 -4.65 -17.12 .24
-4.82 -16.82 .24 -4.92 -16.64 .02 -4.92 -16.65 -.28 -4.81 -16.85 -.49 -2.31
-15.96 -.36 -2.41 -15.86 -.39 -2.16 -16.1 -.17 -2.13 -16.14 0 -2.2 -16.06
.28 -2.3 -15.97 .38 -2.54 -15.73 .37 -2.69 -15.58 .15 -2.68 -15.59 -.15 -2.52
-15.75 -.36 -.77 -14.58 -.36 -.89 -14.49 -.39 -.62 -14.71 -.17 -.59 -14.74
0 -.66 -14.67 .28 -.77 -14.59 .38 -1.03 -14.37 .37 -1.19 -14.23 .15 -1.18
-14.24 -.15 -1.01 -14.38 -.36 .18 -12.66 -.36 .04 -12.61 -.39 .37 -12.73 -.17
.41 -12.75 0 .31 -12.71 .28 .19 -12.67 .38 -.14 -12.55 .37 -.34 -12.48 .15
-.33 -12.48 -.15 -.11 -12.56 -.36 .47 -10.58 -.36 .32 -10.58 -.39 .67 -10.58
-.17 .72 -10.58 0 .61 -10.58 .28 .48 -10.58 .38 .13 -10.58 .37 -.07 -10.58
.15 -.06 -10.58 -.15 .16 -10.58 -.36 .15 1 -.36 .01 1 -.39 .35 1 -.17 .4 1
0 .3 1 .28 .16 1 .38 -.18 1 .37 -.39 1 .15 -.38 1 -.15 -.15 1 -.36 ] } texCoord
TextureCoordinate { point [ 0 0 .06 0 .06 .08 0 .08 .17 0 .17 .08 .24 0 .24
.08 .36 0 .36 .08 .43 0 .43 .08 .57 0 .57 .08 .69 0 .69 .08 .81 0 .81 .08
.93 0 .93 .08 1 0 1 .08 .06 .19 0 .19 .17 .18 .24 .18 .36 .18 .43 .19 .57
.19 .69 .19 .81 .19 .93 .19 1 .19 .06 .21 0 .21 .17 .21 .24 .21 .36 .21 .43
.21 .57 .21 .69 .21 .81 .21 .93 .21 1 .21 .06 .24 0 .24 .17 .24 .24 .24 .36
.24 .43 .24 .57 .24 .69 .24 .81 .24 .93 .24 1 .24 .06 .26 0 .26 .17 .26 .24
.26 .36 .26 .43 .26 .57 .26 .69 .26 .81 .26 .93 .26 1 .26 .06 .28 0 .28 .17
.28 .24 .28 .36 .28 .43 .28 .57 .28 .69 .28 .81 .28 .93 .28 1 .28 .06 .3 0
.3 .17 .31 .24 .31 .36 .31 .43 .3 .57 .3 .69 .3 .81 .3 .93 .3 1 .3 .06 .51
0 .51 .17 .51 .24 .51 .36 .51 .43 .51 .57 .51 .69 .51 .81 .51 .93 .51 1 .51
.06 .57 0 .57 .17 .57 .24 .58 .36 .57 .43 .57 .57 .57 .69 .57 .81 .57 .93
.57 1 .57 .06 .62 0 .62 .17 .62 .24 .62 .36 .62 .43 .62 .57 .62 .69 .62 .81
.62 .93 .62 1 .62 .06 .67 0 .67 .17 .68 .24 .68 .36 .68 .43 .67 .57 .67 .69
.67 .81 .67 .93 .67 1 .67 .06 .72 0 .72 .17 .73 .24 .73 .36 .73 .43 .72 .57
.72 .69 .71 .81 .71 .93 .72 1 .72 .06 1 0 1 .17 1 .24 1 .36 1 .43 1 .57 1
.69 1 .81 1 .93 1 1 1 .5 1 .69 .95 .94 .71 1 .49 .87 .13 .7 0 .26 .01 0 .29
.01 .68 .3 .95 ] }
coordIndex [ 0 1 2 3 -1 1 4 5 2 -1 4 6 7 5 -1 6 8 9 7 -1 8 10 11 9 -1 10 12
13 11 -1 12 14 15 13 -1 14 16 17 15 -1 16 18 19 17 -1 18 0 3 19 -1 3 2 20 21
-1 2 5 22 20 -1 5 7 23 22 -1 7 9 24 23 -1 9 11 25 24 -1 11 13 26 25 -1 13 15
27 26 -1 15 17 28 27 -1 17 19 29 28 -1 19 3 21 29 -1 21 20 30 -1 21 30 31 -1
20 22 32 -1 20 32 30 -1 22 23 33 -1 22 33 32 -1 23 24 34 -1 23 34 33 -1 24 25
35 -1 24 35 34 -1 25 26 36 -1 25 36 35 -1 26 27 37 -1 26 37 36 -1 27 28 38 -1
27 38 37 -1 28 29 39 -1 28 39 38 -1 29 21 31 -1 29 31 39 -1 31 30 40 41 -1 30
32 42 40 -1 32 33 43 42 -1 33 34 44 43 -1 34 35 45 44 -1 35 36 46 45 -1 36 37
47 46 -1 37 38 48 47 -1 38 39 49 48 -1 39 31 41 49 -1 41 40 50 51 -1 40 42 52
50 -1 42 43 53 52 -1 43 44 54 53 -1 44 45 55 54 -1 45 46 56 55 -1 46 47 57 56
-1 47 48 58 57 -1 48 49 59 58 -1 49 41 51 59 -1 51 50 60 61 -1 50 52 62 60 -1
52 53 63 62 -1 53 54 64 63 -1 54 55 65 64 -1 55 56 66 65 -1 56 57 67 66 -1 57
58 68 67 -1 58 59 69 68 -1 59 51 61 69 -1 61 60 70 -1 61 70 71 -1 60 62 72 -1
60 72 70 -1 62 63 73 -1 62 73 72 -1 63 64 74 -1 63 74 73 -1 64 65 75 -1 64 75
74 -1 65 66 76 -1 65 76 75 -1 66 67 77 -1 66 77 76 -1 67 68 78 -1 67 78 77 -1
68 69 79 -1 68 79 78 -1 69 61 71 -1 69 71 79 -1 71 70 80 -1 71 80 81 -1 70 72
82 -1 70 82 80 -1 72 73 83 -1 72 83 82 -1 73 74 84 -1 73 84 83 -1 74 75 85 -1
74 85 84 -1 75 76 86 -1 75 86 85 -1 76 77 87 -1 76 87 86 -1 77 78 88 -1 77 88
87 -1 78 79 89 -1 78 89 88 -1 79 71 81 -1 79 81 89 -1 81 80 90 -1 81 90 91 -1
80 82 92 -1 80 92 90 -1 82 83 93 -1 82 93 92 -1 83 84 94 -1 83 94 93 -1 84 85
95 -1 84 95 94 -1 85 86 96 -1 85 96 95 -1 86 87 97 -1 86 97 96 -1 87 88 98 -1
87 98 97 -1 88 89 99 -1 88 99 98 -1 89 81 91 -1 89 91 99 -1 91 90 100 -1 91
100 101 -1 90 92 102 -1 90 102 100 -1 92 93 103 -1 92 103 102 -1 93 94 104 -1
93 104 103 -1 94 95 105 -1 94 105 104 -1 95 96 106 -1 95 106 105 -1 96 97 107
-1 96 107 106 -1 97 98 108 -1 97 108 107 -1 98 99 109 -1 98 109 108 -1 99 91
101 -1 99 101 109 -1 101 100 110 -1 101 110 111 -1 100 102 112 -1 100 112 110
-1 102 103 113 -1 102 113 112 -1 103 104 114 -1 103 114 113 -1 104 105 115 -1
104 115 114 -1 105 106 116 -1 105 116 115 -1 106 107 117 -1 106 117 116 -1 107
108 118 -1 107 118 117 -1 108 109 119 -1 108 119 118 -1 109 101 111 -1 109 111
119 -1 111 110 120 -1 111 120 121 -1 110 112 122 -1 110 122 120 -1 112 113 123
-1 112 123 122 -1 113 114 124 -1 113 124 123 -1 114 115 125 -1 114 125 124 -1
115 116 126 -1 115 126 125 -1 116 117 127 -1 116 127 126 -1 117 118 128 -1 117
128 127 -1 118 119 129 -1 118 129 128 -1 119 111 121 -1 119 121 129 -1 121 120
130 131 -1 120 122 132 130 -1 122 123 133 132 -1 123 124 134 133 -1 124 125
135 134 -1 125 126 136 135 -1 126 127 137 136 -1 127 128 138 137 -1 128 129
139 138 -1 129 121 131 139 -1 131 130 132 133 134 135 136 137 138 139 -1 18
16 14 12 10 8 6 4 1 0 -1 ] texCoordIndex [ 0 1 2 3 -1 1 4 5 2 -1 4 6 7 5 -1
6 8 9 7 -1 8 10 11 9 -1 10 12 13 11 -1 12 14 15 13 -1 14 16 17 15 -1 16 18
19 17 -1 18 20 21 19 -1 3 2 22 23 -1 2 5 24 22 -1 5 7 25 24 -1 7 9 26 25 -1
9 11 27 26 -1 11 13 28 27 -1 13 15 29 28 -1 15 17 30 29 -1 17 19 31 30 -1
19 21 32 31 -1 23 22 33 -1 23 33 34 -1 22 24 35 -1 22 35 33 -1 24 25 36 -1
24 36 35 -1 25 26 37 -1 25 37 36 -1 26 27 38 -1 26 38 37 -1 27 28 39 -1 27
39 38 -1 28 29 40 -1 28 40 39 -1 29 30 41 -1 29 41 40 -1 30 31 42 -1 30 42
41 -1 31 32 43 -1 31 43 42 -1 34 33 44 45 -1 33 35 46 44 -1 35 36 47 46 -1
36 37 48 47 -1 37 38 49 48 -1 38 39 50 49 -1 39 40 51 50 -1 40 41 52 51 -1
41 42 53 52 -1 42 43 54 53 -1 45 44 55 56 -1 44 46 57 55 -1 46 47 58 57 -1
47 48 59 58 -1 48 49 60 59 -1 49 50 61 60 -1 50 51 62 61 -1 51 52 63 62 -1
52 53 64 63 -1 53 54 65 64 -1 56 55 66 67 -1 55 57 68 66 -1 57 58 69 68 -1
58 59 70 69 -1 59 60 71 70 -1 60 61 72 71 -1 61 62 73 72 -1 62 63 74 73 -1
63 64 75 74 -1 64 65 76 75 -1 67 66 77 -1 67 77 78 -1 66 68 79 -1 66 79 77
-1 68 69 80 -1 68 80 79 -1 69 70 81 -1 69 81 80 -1 70 71 82 -1 70 82 81 -1
71 72 83 -1 71 83 82 -1 72 73 84 -1 72 84 83 -1 73 74 85 -1 73 85 84 -1 74
75 86 -1 74 86 85 -1 75 76 87 -1 75 87 86 -1 78 77 88 -1 78 88 89 -1 77 79
90 -1 77 90 88 -1 79 80 91 -1 79 91 90 -1 80 81 92 -1 80 92 91 -1 81 82 93
-1 81 93 92 -1 82 83 94 -1 82 94 93 -1 83 84 95 -1 83 95 94 -1 84 85 96 -1
84 96 95 -1 85 86 97 -1 85 97 96 -1 86 87 98 -1 86 98 97 -1 89 88 99 -1 89
99 100 -1 88 90 101 -1 88 101 99 -1 90 91 102 -1 90 102 101 -1 91 92 103 -1
91 103 102 -1 92 93 104 -1 92 104 103 -1 93 94 105 -1 93 105 104 -1 94 95
106 -1 94 106 105 -1 95 96 107 -1 95 107 106 -1 96 97 108 -1 96 108 107 -1
97 98 109 -1 97 109 108 -1 100 99 110 -1 100 110 111 -1 99 101 112 -1 99 112
110 -1 101 102 113 -1 101 113 112 -1 102 103 114 -1 102 114 113 -1 103 104
115 -1 103 115 114 -1 104 105 116 -1 104 116 115 -1 105 106 117 -1 105 117
116 -1 106 107 118 -1 106 118 117 -1 107 108 119 -1 107 119 118 -1 108 109
120 -1 108 120 119 -1 111 110 121 -1 111 121 122 -1 110 112 123 -1 110 123
121 -1 112 113 124 -1 112 124 123 -1 113 114 125 -1 113 125 124 -1 114 115
126 -1 114 126 125 -1 115 116 127 -1 115 127 126 -1 116 117 128 -1 116 128
127 -1 117 118 129 -1 117 129 128 -1 118 119 130 -1 118 130 129 -1 119 120
131 -1 119 131 130 -1 122 121 132 -1 122 132 133 -1 121 123 134 -1 121 134
132 -1 123 124 135 -1 123 135 134 -1 124 125 136 -1 124 136 135 -1 125 126
137 -1 125 137 136 -1 126 127 138 -1 126 138 137 -1 127 128 139 -1 127 139
138 -1 128 129 140 -1 128 140 139 -1 129 130 141 -1 129 141 140 -1 130 131
142 -1 130 142 141 -1 133 132 143 144 -1 132 134 145 143 -1 134 135 146 145
-1 135 136 147 146 -1 136 137 148 147 -1 137 138 149 148 -1 138 139 150 149
-1 139 140 151 150 -1 140 141 152 151 -1 141 142 153 152 -1 154 155 156 157
158 159 160 161 162 163 -1 163 162 161 160 159 158 157 156 155 154 -1 ]
}
}
]
}
Transform {
translation -4.899 -1.48008 -0.63131
rotation -0.035 0.067 -0.997 0.954
children [
DEF Cylinder9 Shape {
appearance Appearance {
texture ImageTexture {
url "hog1.jpg"
}
textureTransform TextureTransform {
scale 1.0 3.0
}
material USE White_mat
}
geometry Cylinder {
height 2.125
radius 0.075
}
}
]
}
Transform {
translation -4.612 -2.504 -0.722
rotation 0.049 0.066 0.997 1.338
scale 1.0 1.156 1.0
children [
USE Cylinder9
]
}
Transform {
translation -3.95306 -1.23227 -0.001
rotation 0.0 0.0 1.0 0.218
children [
Shape {
appearance Appearance {
texture ImageTexture {
url "hog1.jpg"
}
material USE Red_mat
}
geometry Box {
size 0.08 0.179 1.315
}
}
]
}
Transform {
translation 0.03794 0.10173 0.0
rotation 0.0 0.0 1.0 0.611
children [
Shape {
appearance Appearance {
texture ImageTexture {
url "hog1.jpg"
}
textureTransform TextureTransform {
scale 0.921 0.994
}
material USE Red_mat
}
geometry Box {
size 0.217 0.474 0.061
}
}
]
}
Transform {
translation -4.866 -1.493 0.511
rotation 0.022 -0.043 -0.999 0.935
children [
USE Cylinder9
]
}
Transform {
translation -4.491 -2.506 0.629
rotation -0.093 -0.02 0.995 1.338
scale 1.0 1.156 1.0
children [
USE Cylinder9
]
}
]
}
]
}
Transform {
translation -7.515 1.531 -0.042
children [
Group {
children [
Transform {
rotation 1.0 0.0 0.0 1.571
children [
Shape {
appearance Appearance {
material USE material2_mat
}
geometry Cylinder {
height 0.603
radius 0.180
}
}
]
}
Transform {
translation 0.0 -0.018 0.25
rotation 1.0 0.0 0.0 1.571
scale 0.46 0.46 0.46
children [
Shape {
appearance Appearance {
material USE material2_mat
}
geometry IndexedFaceSet {
solid FALSE
convex FALSE
creaseAngle 0.524
coord Coordinate {
point [ 1.6 .04 0 1.46 .04 -.65 1.46 .06 -.65 1.6 .06 0 1.07 .04 -1.19 1.07
.06 -1.19 .49 .04 -1.52 .49 .06 -1.52 -.17 .04 -1.59 -.17 .06 -1.59 -.8 .04
-1.39 -.8 .06 -1.39 -1.29 .04 -.94 -1.29 .06 -.94 -1.57 .04 -.33 -1.57 .06
-.33 -.04 .04 -.01 -.04 .04 .01 -.03 .04 .02 -.02 .04 .03 0 .04 .04 .01 .04
.04 .03 .04 .03 .04 .04 .02 .04 .04 0 .04 .04 -.02 .03 .04 -.03 .01 .04 -.04
0 .04 -.04 -.02 .04 -.03 -.03 .04 -.02 -1.57 .04 .33 1.46 .04 .65 1.07 .04
1.19 .49 .04 1.52 -.17 .04 1.59 -.8 .04 1.39 -1.29 .04 .94 -1.57 .06 .33 -1.29
.06 .94 -.8 .06 1.39 -.17 .06 1.59 .49 .06 1.52 1.07 .06 1.19 1.46 .06 .65
-.09 .06 .02 -.09 .06 -.02 -.08 .06 -.06 -.05 .06 -.08 -.01 .06 -.09 .03 .06
-.09 .06 .06 -.07 .09 .06 -.04 .09 .06 0 .09 .06 .04 .06 .06 .07 .03 .06 .09
-.01 .06 .09 -.05 .06 .08 -.08 .06 .06 ] }
coordIndex [ 0 1 2 3 -1 1 4 5 2 -1 4 6 7 5 -1 6 8 9 7 -1 8 10 11 9 -1 10 12
13 11 -1 12 14 15 13 -1 16 17 18 19 20 21 22 23 24 25 26 27 28 29 30 16 31 14
12 10 8 6 4 1 0 32 33 34 35 36 37 31 -1 14 31 38 15 -1 15 38 39 40 41 42 43
44 3 2 5 7 9 11 13 15 45 46 47 48 49 50 51 52 53 54 55 56 57 58 59 45 -1 31
37 39 38 -1 37 36 40 39 -1 36 35 41 40 -1 35 34 42 41 -1 34 33 43 42 -1 33 32
44 43 -1 32 0 3 44 -1 ]
}
}
]
}
Transform {
rotation 1.0 0.0 0.0 1.571
scale 1.0 0.788 1.0
children [
Shape {
appearance Appearance {
material USE material2_mat
}
geometry IndexedFaceSet {
solid FALSE
convex FALSE
creaseAngle 3.142
coord Coordinate {
point [ 1.04 -.34 0 .95 -.34 -.42 .82 -.16 -.36 .9 -.16 0 .82 .13 -.37 .9
.13 0 .97 .3 -.43 1.07 .3 0 .7 -.34 -.77 .6 -.16 -.67 .6 .13 -.67 .71 .3 -.79
.32 -.34 -.99 .28 -.16 -.85 .28 .13 -.86 .33 .3 -1.01 -.11 -.34 -1.04 -.09
-.16 -.89 -.09 .13 -.9 -.11 .3 -1.06 -.52 -.34 -.9 -.45 -.16 -.78 -.45 .13
-.78 -.53 .3 -.92 -.84 -.34 -.61 -.72 -.16 -.53 -.73 .13 -.53 -.86 .3 -.63
-1.02 -.34 -.22 -.88 -.16 -.19 -.88 .13 -.19 -1.04 .3 -.22 -1.02 -.34 .22
-.88 -.16 .19 -.88 .13 .19 -1.04 .3 .22 -.84 -.34 .61 -.72 -.16 .53 -.73 .13
.53 -.86 .3 .63 -.52 -.34 .9 -.45 -.16 .78 -.45 .13 .78 -.53 .3 .92 -.11 -.34
1.04 -.09 -.16 .89 -.09 .13 .9 -.11 .3 1.06 .32 -.34 .99 .28 -.16 .85 .28
.13 .86 .33 .3 1.01 .7 -.34 .77 .6 -.16 .67 .6 .13 .67 .71 .3 .79 .95 -.34
.42 .82 -.16 .36 .82 .13 .37 .97 .3 .43 ] }
coordIndex [ 0 1 2 -1 0 2 3 -1 3 2 4 -1 3 4 5 -1 5 4 6 -1 5 6 7 -1 1 8 9 -1
1 9 2 -1 2 9 10 -1 2 10 4 -1 4 10 11 -1 4 11 6 -1 8 12 13 -1 8 13 9 -1 9 13
14 -1 9 14 10 -1 10 14 15 -1 10 15 11 -1 12 16 17 -1 12 17 13 -1 13 17 18 -1
13 18 14 -1 14 18 19 -1 14 19 15 -1 16 20 21 -1 16 21 17 -1 17 21 22 -1 17 22
18 -1 18 22 23 -1 18 23 19 -1 20 24 25 -1 20 25 21 -1 21 25 26 -1 21 26 22 -1
22 26 27 -1 22 27 23 -1 24 28 29 -1 24 29 25 -1 25 29 30 -1 25 30 26 -1 26 30
31 -1 26 31 27 -1 28 32 33 29 -1 29 33 34 30 -1 30 34 35 31 -1 32 36 37 -1 32
37 33 -1 33 37 38 -1 33 38 34 -1 34 38 39 -1 34 39 35 -1 36 40 41 -1 36 41 37
-1 37 41 42 -1 37 42 38 -1 38 42 43 -1 38 43 39 -1 40 44 45 -1 40 45 41 -1 41
45 46 -1 41 46 42 -1 42 46 47 -1 42 47 43 -1 44 48 49 -1 44 49 45 -1 45 49 50
-1 45 50 46 -1 46 50 51 -1 46 51 47 -1 48 52 53 -1 48 53 49 -1 49 53 54 -1 49
54 50 -1 50 54 55 -1 50 55 51 -1 52 56 57 -1 52 57 53 -1 53 57 58 -1 53 58 54
-1 54 58 59 -1 54 59 55 -1 56 0 3 -1 56 3 57 -1 57 3 5 -1 57 5 58 -1 58 5 7
-1 58 7 59 -1 ]
}
}
]
}
Transform {
rotation 1.0 0.0 0.0 1.571
scale 1.0 0.788 1.0
children [
Shape {
appearance Appearance {
material USE Black_mat
}
geometry IndexedFaceSet {
solid FALSE
convex FALSE
creaseAngle 3.142
coord Coordinate {
point [ 1.13 -.41 0 1.04 -.41 -.46 1.18 -.43 -.52 1.29 -.43 0 1.35 -.35 -.6
1.48 -.35 0 1.41 -.11 -.63 1.54 -.11 0 1.4 .15 -.62 1.53 .15 0 1.3 .3 -.58
1.42 .3 0 1.11 .35 -.5 1.22 .35 0 .97 .3 -.43 1.07 .3 0 .91 .18 -.4 1 .18
0 .95 -.34 -.42 1.04 -.34 0 .76 -.41 -.84 .86 -.43 -.96 .99 -.35 -1.1 1.03
-.11 -1.15 1.03 .15 -1.14 .95 .3 -1.06 .82 .35 -.91 .71 .3 -.79 .67 .18 -.74
.7 -.34 -.77 .35 -.41 -1.08 .4 -.43 -1.23 .46 -.35 -1.41 .48 -.11 -1.47 .47
.15 -1.46 .44 .3 -1.35 .38 .35 -1.16 .33 .3 -1.01 .31 .18 -.95 .32 -.34 -.99
-.12 -.41 -1.13 -.13 -.43 -1.28 -.15 -.35 -1.47 -.16 -.11 -1.54 -.16 .15 -1.53
-.15 .3 -1.42 -.13 .35 -1.21 -.11 .3 -1.06 -.1 .18 -.99 -.11 -.34 -1.04 -.57
-.41 -.98 -.65 -.43 -1.12 -.74 -.35 -1.28 -.77 -.11 -1.34 -.77 .15 -1.33 -.71
.3 -1.23 -.61 .35 -1.06 -.53 .3 -.92 -.5 .18 -.86 -.52 -.34 -.9 -.92 -.41
-.67 -1.04 -.43 -.76 -1.2 -.35 -.87 -1.25 -.11 -.91 -1.24 .15 -.9 -1.15 .3
-.84 -.99 .35 -.72 -.86 .3 -.63 -.81 .18 -.59 -.84 -.34 -.61 -1.11 -.41 -.24
-1.26 -.43 -.27 -1.45 -.35 -.31 -1.51 -.11 -.32 -1.5 .15 -.32 -1.39 .3 -.3
-1.19 .35 -.25 -1.04 .3 -.22 -.97 .18 -.21 -1.02 -.34 -.22 -1.11 -.41 .24
-1.26 -.43 .27 -1.45 -.35 .31 -1.51 -.11 .32 -1.5 .15 .32 -1.39 .3 .3 -1.19
.35 .25 -1.04 .3 .22 -.97 .18 .21 -1.02 -.34 .22 -.92 -.41 .67 -1.04 -.43
.76 -1.2 -.35 .87 -1.25 -.11 .91 -1.24 .15 .9 -1.15 .3 .84 -.99 .35 .72 -.86
.3 .63 -.81 .18 .59 -.84 -.34 .61 -.57 -.41 .98 -.65 -.43 1.12 -.74 -.35 1.28
-.77 -.11 1.34 -.77 .15 1.33 -.71 .3 1.23 -.61 .35 1.06 -.53 .3 .92 -.5 .18
.86 -.52 -.34 .9 -.12 -.41 1.13 -.13 -.43 1.28 -.15 -.35 1.47 -.16 -.11 1.54
-.16 .15 1.53 -.15 .3 1.42 -.13 .35 1.21 -.11 .3 1.06 -.1 .18 .99 -.11 -.34
1.04 .35 -.41 1.08 .4 -.43 1.23 .46 -.35 1.41 .48 -.11 1.47 .47 .15 1.46 .44
.3 1.35 .38 .35 1.16 .33 .3 1.01 .31 .18 .95 .32 -.34 .99 .76 -.41 .84 .86
-.43 .96 .99 -.35 1.1 1.03 -.11 1.15 1.03 .15 1.14 .95 .3 1.06 .82 .35 .91
.71 .3 .79 .67 .18 .74 .7 -.34 .77 1.04 -.41 .46 1.18 -.43 .52 1.35 -.35 .6
1.41 -.11 .63 1.4 .15 .62 1.3 .3 .58 1.11 .35 .5 .97 .3 .43 .91 .18 .4 .95
-.34 .42 ] }
coordIndex [ 0 1 2 -1 0 2 3 -1 3 2 4 -1 3 4 5 -1 5 4 6 -1 5 6 7 -1 7 6 8 -1
7 8 9 -1 9 8 10 -1 9 10 11 -1 11 10 12 -1 11 12 13 -1 13 12 14 -1 13 14 15 -1
15 14 16 -1 15 16 17 -1 17 16 18 -1 17 18 19 -1 19 18 1 -1 19 1 0 -1 1 20 21
-1 1 21 2 -1 2 21 22 -1 2 22 4 -1 4 22 23 -1 4 23 6 -1 6 23 24 -1 6 24 8 -1
8 24 25 -1 8 25 10 -1 10 25 26 -1 10 26 12 -1 12 26 27 -1 12 27 14 -1 14 27
28 -1 14 28 16 -1 16 28 29 -1 16 29 18 -1 18 29 20 -1 18 20 1 -1 20 30 31 -1
20 31 21 -1 21 31 32 -1 21 32 22 -1 22 32 33 -1 22 33 23 -1 23 33 34 -1 23 34
24 -1 24 34 35 -1 24 35 25 -1 25 35 36 -1 25 36 26 -1 26 36 37 -1 26 37 27 -1
27 37 38 -1 27 38 28 -1 28 38 39 -1 28 39 29 -1 29 39 30 -1 29 30 20 -1 30 40
41 -1 30 41 31 -1 31 41 42 -1 31 42 32 -1 32 42 43 -1 32 43 33 -1 33 43 44 -1
33 44 34 -1 34 44 45 -1 34 45 35 -1 35 45 46 -1 35 46 36 -1 36 46 47 -1 36 47
37 -1 37 47 48 -1 37 48 38 -1 38 48 49 -1 38 49 39 -1 39 49 40 -1 39 40 30 -1
40 50 51 -1 40 51 41 -1 41 51 52 -1 41 52 42 -1 42 52 53 -1 42 53 43 -1 43 53
54 -1 43 54 44 -1 44 54 55 -1 44 55 45 -1 45 55 56 -1 45 56 46 -1 46 56 57 -1
46 57 47 -1 47 57 58 -1 47 58 48 -1 48 58 59 -1 48 59 49 -1 49 59 50 -1 49 50
40 -1 50 60 61 -1 50 61 51 -1 51 61 62 -1 51 62 52 -1 52 62 63 -1 52 63 53 -1
53 63 64 -1 53 64 54 -1 54 64 65 -1 54 65 55 -1 55 65 66 -1 55 66 56 -1 56 66
67 -1 56 67 57 -1 57 67 68 -1 57 68 58 -1 58 68 69 -1 58 69 59 -1 59 69 60 -1
59 60 50 -1 60 70 71 -1 60 71 61 -1 61 71 72 -1 61 72 62 -1 62 72 73 -1 62 73
63 -1 63 73 74 -1 63 74 64 -1 64 74 75 -1 64 75 65 -1 65 75 76 -1 65 76 66 -1
66 76 77 -1 66 77 67 -1 67 77 78 -1 67 78 68 -1 68 78 79 69 -1 69 79 70 -1 69
70 60 -1 70 80 81 71 -1 71 81 82 72 -1 72 82 83 73 -1 73 83 84 74 -1 74 84 85
75 -1 75 85 86 76 -1 76 86 87 77 -1 77 87 88 78 -1 78 88 89 79 -1 79 89 80 70
-1 80 90 91 -1 80 91 81 -1 81 91 92 -1 81 92 82 -1 82 92 93 -1 82 93 83 -1 83
93 94 -1 83 94 84 -1 84 94 95 -1 84 95 85 -1 85 95 96 -1 85 96 86 -1 86 96 97
-1 86 97 87 -1 87 97 98 -1 87 98 88 -1 88 98 99 89 -1 89 99 90 -1 89 90 80 -1
90 100 101 -1 90 101 91 -1 91 101 102 -1 91 102 92 -1 92 102 103 -1 92 103 93
-1 93 103 104 -1 93 104 94 -1 94 104 105 -1 94 105 95 -1 95 105 106 -1 95 106
96 -1 96 106 107 -1 96 107 97 -1 97 107 108 -1 97 108 98 -1 98 108 109 -1 98
109 99 -1 99 109 100 -1 99 100 90 -1 100 110 111 -1 100 111 101 -1 101 111 112
-1 101 112 102 -1 102 112 113 -1 102 113 103 -1 103 113 114 -1 103 114 104 -1
104 114 115 -1 104 115 105 -1 105 115 116 -1 105 116 106 -1 106 116 117 -1 106
117 107 -1 107 117 118 -1 107 118 108 -1 108 118 119 -1 108 119 109 -1 109 119
110 -1 109 110 100 -1 110 120 121 -1 110 121 111 -1 111 121 122 -1 111 122 112
-1 112 122 123 -1 112 123 113 -1 113 123 124 -1 113 124 114 -1 114 124 125 -1
114 125 115 -1 115 125 126 -1 115 126 116 -1 116 126 127 -1 116 127 117 -1 117
127 128 -1 117 128 118 -1 118 128 129 -1 118 129 119 -1 119 129 120 -1 119 120
110 -1 120 130 131 -1 120 131 121 -1 121 131 132 -1 121 132 122 -1 122 132 133
-1 122 133 123 -1 123 133 134 -1 123 134 124 -1 124 134 135 -1 124 135 125 -1
125 135 136 -1 125 136 126 -1 126 136 137 -1 126 137 127 -1 127 137 138 -1 127
138 128 -1 128 138 139 -1 128 139 129 -1 129 139 130 -1 129 130 120 -1 130 140
141 -1 130 141 131 -1 131 141 142 -1 131 142 132 -1 132 142 143 -1 132 143 133
-1 133 143 144 -1 133 144 134 -1 134 144 145 -1 134 145 135 -1 135 145 146 -1
135 146 136 -1 136 146 147 -1 136 147 137 -1 137 147 148 -1 137 148 138 -1 138
148 149 -1 138 149 139 -1 139 149 140 -1 139 140 130 -1 140 0 3 -1 140 3 141
-1 141 3 5 -1 141 5 142 -1 142 5 7 -1 142 7 143 -1 143 7 9 -1 143 9 144 -1 144
9 11 -1 144 11 145 -1 145 11 13 -1 145 13 146 -1 146 13 15 -1 146 15 147 -1
147 15 17 -1 147 17 148 -1 148 17 19 -1 148 19 149 -1 149 19 0 -1 149 0 140
-1 ]
}
}
]
}
Transform {
translation 0.0 0.0 -0.03
rotation 1.0 0.0 0.0 1.571
scale 1.121 1.121 1.121
children [
Shape {
appearance Appearance {
material USE material2_mat
}
geometry Cylinder {
height 0.997
radius 0.126
}
}
]
}
Transform {
translation 0.0 -0.018 0.0
rotation 1.0 0.0 0.0 1.571
scale 0.6 0.6 0.6
children [
Shape {
appearance Appearance {
material USE Shiny_Black_mat
}
geometry IndexedFaceSet {
solid FALSE
convex FALSE
creaseAngle 0.524
coord Coordinate {
point [ 1.6 .04 0 1.46 .04 -.65 1.46 .06 -.65 1.6 .06 0 1.07 .04 -1.19 1.07
.06 -1.19 .49 .04 -1.52 .49 .06 -1.52 -.17 .04 -1.59 -.17 .06 -1.59 -.8 .04
-1.39 -.8 .06 -1.39 -1.29 .04 -.94 -1.29 .06 -.94 -1.57 .04 -.33 -1.57 .06
-.33 -.04 .04 -.01 -.04 .04 .01 -.03 .04 .02 -.02 .04 .03 0 .04 .04 .01 .04
.04 .03 .04 .03 .04 .04 .02 .04 .04 0 .04 .04 -.02 .03 .04 -.03 .01 .04 -.04
0 .04 -.04 -.02 .04 -.03 -.03 .04 -.02 -1.57 .04 .33 1.46 .04 .65 1.07 .04
1.19 .49 .04 1.52 -.17 .04 1.59 -.8 .04 1.39 -1.29 .04 .94 -1.57 .06 .33 -1.29
.06 .94 -.8 .06 1.39 -.17 .06 1.59 .49 .06 1.52 1.07 .06 1.19 1.46 .06 .65
-.09 .06 .02 -.09 .06 -.02 -.08 .06 -.06 -.05 .06 -.08 -.01 .06 -.09 .03 .06
-.09 .06 .06 -.07 .09 .06 -.04 .09 .06 0 .09 .06 .04 .06 .06 .07 .03 .06 .09
-.01 .06 .09 -.05 .06 .08 -.08 .06 .06 ] }
coordIndex [ 0 1 2 3 -1 1 4 5 2 -1 4 6 7 5 -1 6 8 9 7 -1 8 10 11 9 -1 10 12
13 11 -1 12 14 15 13 -1 16 17 18 19 20 21 22 23 24 25 26 27 28 29 30 16 31 14
12 10 8 6 4 1 0 32 33 34 35 36 37 31 -1 14 31 38 15 -1 15 38 39 40 41 42 43
44 3 2 5 7 9 11 13 15 45 46 47 48 49 50 51 52 53 54 55 56 57 58 59 45 -1 31
37 39 38 -1 37 36 40 39 -1 36 35 41 40 -1 35 34 42 41 -1 34 33 43 42 -1 33 32
44 43 -1 32 0 3 44 -1 ]
}
}
]
}
Transform {
translation 0.0 0.0 0.02
rotation 1.0 0.0 0.0 1.571
scale 0.562 0.459 0.562
children [
DEF Revolution5 Shape {
appearance Appearance {
material USE material2_mat
}
geometry IndexedFaceSet {
solid FALSE
convex FALSE
creaseAngle 0.524
coord Coordinate {
point [ 1.5 .04 0 1.37 .04 -.61 1.46 .04 -.65 1.6 .04 0 1.46 .06 -.65 1.6
.06 0 1.37 .06 -.61 1.5 .06 0 1 .04 -1.11 1.07 .04 -1.19 1.07 .06 -1.19 1
.06 -1.11 .46 .04 -1.43 .49 .04 -1.52 .49 .06 -1.52 .46 .06 -1.43 -.16 .04
-1.49 -.17 .04 -1.59 -.17 .06 -1.59 -.16 .06 -1.49 -.75 .04 -1.3 -.8 .04 -1.39
-.8 .06 -1.39 -.75 .06 -1.3 -1.21 .04 -.88 -1.29 .04 -.94 -1.29 .06 -.94 -1.21
.06 -.88 -1.47 .04 -.31 -1.57 .04 -.33 -1.57 .06 -.33 -1.47 .06 -.31 -1.47
.04 .31 -1.57 .04 .33 -1.57 .06 .33 -1.47 .06 .31 -1.21 .04 .88 -1.29 .04
.94 -1.29 .06 .94 -1.21 .06 .88 -.75 .04 1.3 -.8 .04 1.39 -.8 .06 1.39 -.75
.06 1.3 -.16 .04 1.49 -.17 .04 1.59 -.17 .06 1.59 -.16 .06 1.49 .46 .04 1.43
.49 .04 1.52 .49 .06 1.52 .46 .06 1.43 1 .04 1.11 1.07 .04 1.19 1.07 .06 1.19
1 .06 1.11 1.37 .04 .61 1.46 .04 .65 1.46 .06 .65 1.37 .06 .61 ] }
coordIndex [ 0 1 2 3 -1 3 2 4 5 -1 5 4 6 7 -1 7 6 1 0 -1 1 8 9 2 -1 2 9 10 4
-1 4 10 11 6 -1 6 11 8 1 -1 8 12 13 9 -1 9 13 14 10 -1 10 14 15 11 -1 11 15
12 8 -1 12 16 17 -1 12 17 13 -1 13 17 18 14 -1 14 18 19 -1 14 19 15 -1 15 19
16 12 -1 16 20 21 17 -1 17 21 22 18 -1 18 22 23 19 -1 19 23 20 16 -1 20 24 25
-1 20 25 21 -1 21 25 26 22 -1 22 26 27 -1 22 27 23 -1 23 27 24 20 -1 24 28 29
-1 24 29 25 -1 25 29 30 26 -1 26 30 31 -1 26 31 27 -1 27 31 28 24 -1 28 32 33
29 -1 29 33 34 30 -1 30 34 35 31 -1 31 35 32 28 -1 32 36 37 -1 32 37 33 -1 33
37 38 34 -1 34 38 39 -1 34 39 35 -1 35 39 36 32 -1 36 40 41 -1 36 41 37 -1 37
41 42 38 -1 38 42 43 -1 38 43 39 -1 39 43 40 36 -1 40 44 45 41 -1 41 45 46 42
-1 42 46 47 43 -1 43 47 44 40 -1 44 48 49 -1 44 49 45 -1 45 49 50 46 -1 46 50
51 -1 46 51 47 -1 47 51 48 44 -1 48 52 53 49 -1 49 53 54 50 -1 50 54 55 51 -1
51 55 52 48 -1 52 56 57 53 -1 53 57 58 54 -1 54 58 59 55 -1 55 59 56 52 -1 56
0 3 57 -1 57 3 5 58 -1 58 5 7 59 -1 59 7 0 56 -1 ]
}
}
]
}
Transform {
translation 0.0 0.0 -0.01
rotation 1.0 0.0 0.0 1.571
scale 0.562 0.459 0.562
children [
USE Revolution5
]
}
Transform {
translation 0.011 0.004 -0.512
rotation 1.0 0.0 0.0 1.571
scale 1.0 1.0 0.835
children [
DEF Cylinder12 Shape {
appearance Appearance {
texture ImageTexture {
url "hog1.jpg"
}
material USE Red_mat
}
geometry Cylinder {
height 0.121
radius 0.274
}
}
]
}
Transform {
translation 0.011 0.004 0.458
rotation 1.0 0.0 0.0 1.571
scale 1.0 1.0 0.835
children [
USE Cylinder12
]
}
]
}
]
}
Transform {
translation 0.0 1.423 -0.027
children [
Group {
children [
Transform {
rotation 0.0 0.0 1.0 1.571
children [
DEF Group3 Group {
children [
Transform {
children [
DEF Group2 Group {
children [
Transform {
translation 0.0 -0.601 0.0
children [
DEF Group1 Group {
children [
Transform {
translation 0.048 0.09 0.0
rotation 0.0 0.0 -1.0 0.061
children [
Shape {
appearance Appearance {
material USE material2_mat
}
geometry Cylinder {
height 0.878
radius 0.007
}
}
]
}
Transform {
translation 0.1639 0.10821 0.0
rotation 0.0 0.0 -1.0 0.035
children [
Shape {
appearance Appearance {
material USE material2_mat
}
geometry Cylinder {
height 1.000
radius 0.007
}
}
]
}
]
}
]
}
Transform {
translation 0.0 -0.601 0.0
rotation 0.0 -1.0 -0.0 3.142
children [
USE Group1
]
}
]
}
]
}
Transform {
rotation -0.0 0.0 -1.0 3.142
children [
USE Group2
]
}
]
}
]
}
Transform {
rotation 0.0 0.0 -1.0 2.094
children [
USE Group3
]
}
Transform {
rotation 0.0 0.0 1.0 0.524
children [
USE Group3
]
}
Transform {
rotation 0.0 0.0 -1.0 1.047
children [
USE Group3
]
}
Transform {
rotation 1.0 0.0 0.0 1.571
children [
Shape {
appearance Appearance {
material USE material2_mat
}
geometry Cylinder {
height 0.380
radius 0.180
}
}
]
}
Transform {
rotation 0.0 0.0 -1.0 0.524
children [
USE Group3
]
}
Transform {
translation 0.0 0.0 -0.159
rotation 1.0 0.0 0.0 1.571
scale 0.308 0.308 0.308
children [
Shape {
appearance Appearance {
material USE material2_mat
}
geometry IndexedFaceSet {
solid FALSE
convex FALSE
creaseAngle 0.524
coord Coordinate {
point [ 1.6 .04 0 1.46 .04 -.65 1.46 .06 -.65 1.6 .06 0 1.07 .04 -1.19 1.07
.06 -1.19 .49 .04 -1.52 .49 .06 -1.52 -.17 .04 -1.59 -.17 .06 -1.59 -.8 .04
-1.39 -.8 .06 -1.39 -1.29 .04 -.94 -1.29 .06 -.94 -1.57 .04 -.33 -1.57 .06
-.33 -.04 .04 -.01 -.04 .04 .01 -.03 .04 .02 -.02 .04 .03 0 .04 .04 .01 .04
.04 .03 .04 .03 .04 .04 .02 .04 .04 0 .04 .04 -.02 .03 .04 -.03 .01 .04 -.04
0 .04 -.04 -.02 .04 -.03 -.03 .04 -.02 -1.57 .04 .33 1.46 .04 .65 1.07 .04
1.19 .49 .04 1.52 -.17 .04 1.59 -.8 .04 1.39 -1.29 .04 .94 -1.57 .06 .33 -1.29
.06 .94 -.8 .06 1.39 -.17 .06 1.59 .49 .06 1.52 1.07 .06 1.19 1.46 .06 .65
-.09 .06 .02 -.09 .06 -.02 -.08 .06 -.06 -.05 .06 -.08 -.01 .06 -.09 .03 .06
-.09 .06 .06 -.07 .09 .06 -.04 .09 .06 0 .09 .06 .04 .06 .06 .07 .03 .06 .09
-.01 .06 .09 -.05 .06 .08 -.08 .06 .06 ] }
coordIndex [ 0 1 2 3 -1 1 4 5 2 -1 4 6 7 5 -1 6 8 9 7 -1 8 10 11 9 -1 10 12
13 11 -1 12 14 15 13 -1 16 17 18 19 20 21 22 23 24 25 26 27 28 29 30 16 31 14
12 10 8 6 4 1 0 32 33 34 35 36 37 31 -1 14 31 38 15 -1 15 38 39 40 41 42 43
44 3 2 5 7 9 11 13 15 45 46 47 48 49 50 51 52 53 54 55 56 57 58 59 45 -1 31
37 39 38 -1 37 36 40 39 -1 36 35 41 40 -1 35 34 42 41 -1 34 33 43 42 -1 33 32
44 43 -1 32 0 3 44 -1 ]
}
}
]
}
Transform {
rotation 1.0 0.0 0.0 1.571
scale 1.0 0.6716 1.0
children [
Shape {
appearance Appearance {
material USE material2_mat
}
geometry IndexedFaceSet {
solid FALSE
convex FALSE
creaseAngle 3.142
coord Coordinate {
point [ 1.04 -.34 0 .95 -.34 -.42 .82 -.16 -.36 .9 -.16 0 .82 .13 -.37 .9
.13 0 .97 .3 -.43 1.07 .3 0 .7 -.34 -.77 .6 -.16 -.67 .6 .13 -.67 .71 .3 -.79
.32 -.34 -.99 .28 -.16 -.85 .28 .13 -.86 .33 .3 -1.01 -.11 -.34 -1.04 -.09
-.16 -.89 -.09 .13 -.9 -.11 .3 -1.06 -.52 -.34 -.9 -.45 -.16 -.78 -.45 .13
-.78 -.53 .3 -.92 -.84 -.34 -.61 -.72 -.16 -.53 -.73 .13 -.53 -.86 .3 -.63
-1.02 -.34 -.22 -.88 -.16 -.19 -.88 .13 -.19 -1.04 .3 -.22 -1.02 -.34 .22
-.88 -.16 .19 -.88 .13 .19 -1.04 .3 .22 -.84 -.34 .61 -.72 -.16 .53 -.73 .13
.53 -.86 .3 .63 -.52 -.34 .9 -.45 -.16 .78 -.45 .13 .78 -.53 .3 .92 -.11 -.34
1.04 -.09 -.16 .89 -.09 .13 .9 -.11 .3 1.06 .32 -.34 .99 .28 -.16 .85 .28
.13 .86 .33 .3 1.01 .7 -.34 .77 .6 -.16 .67 .6 .13 .67 .71 .3 .79 .95 -.34
.42 .82 -.16 .36 .82 .13 .37 .97 .3 .43 ] }
coordIndex [ 0 1 2 -1 0 2 3 -1 3 2 4 -1 3 4 5 -1 5 4 6 -1 5 6 7 -1 1 8 9 -1
1 9 2 -1 2 9 10 -1 2 10 4 -1 4 10 11 -1 4 11 6 -1 8 12 13 -1 8 13 9 -1 9 13
14 -1 9 14 10 -1 10 14 15 -1 10 15 11 -1 12 16 17 -1 12 17 13 -1 13 17 18 -1
13 18 14 -1 14 18 19 -1 14 19 15 -1 16 20 21 -1 16 21 17 -1 17 21 22 -1 17 22
18 -1 18 22 23 -1 18 23 19 -1 20 24 25 -1 20 25 21 -1 21 25 26 -1 21 26 22 -1
22 26 27 -1 22 27 23 -1 24 28 29 -1 24 29 25 -1 25 29 30 -1 25 30 26 -1 26 30
31 -1 26 31 27 -1 28 32 33 29 -1 29 33 34 30 -1 30 34 35 31 -1 32 36 37 -1 32
37 33 -1 33 37 38 -1 33 38 34 -1 34 38 39 -1 34 39 35 -1 36 40 41 -1 36 41 37
-1 37 41 42 -1 37 42 38 -1 38 42 43 -1 38 43 39 -1 40 44 45 -1 40 45 41 -1 41
45 46 -1 41 46 42 -1 42 46 47 -1 42 47 43 -1 44 48 49 -1 44 49 45 -1 45 49 50
-1 45 50 46 -1 46 50 51 -1 46 51 47 -1 48 52 53 -1 48 53 49 -1 49 53 54 -1 49
54 50 -1 50 54 55 -1 50 55 51 -1 52 56 57 -1 52 57 53 -1 53 57 58 -1 53 58 54
-1 54 58 59 -1 54 59 55 -1 56 0 3 -1 56 3 57 -1 57 3 5 -1 57 5 58 -1 58 5 7
-1 58 7 59 -1 ]
}
}
]
}
Transform {
rotation 1.0 0.0 0.0 1.571
scale 1.0 0.6716 1.0
children [
Shape {
appearance Appearance {
material USE Black_mat
}
geometry IndexedFaceSet {
solid FALSE
convex FALSE
creaseAngle 3.142
coord Coordinate {
point [ 1.13 -.41 0 1.04 -.41 -.46 1.14 -.42 -.51 1.25 -.42 0 1.24 -.33 -.55
1.35 -.33 0 1.3 -.14 -.58 1.43 -.14 0 1.3 .09 -.58 1.43 .09 0 1.22 .28 -.54
1.34 .28 0 1.08 .34 -.48 1.18 .34 0 .97 .3 -.43 1.07 .3 0 .91 .18 -.4 1 .18
0 .95 -.34 -.42 1.04 -.34 0 .76 -.41 -.84 .83 -.42 -.93 .91 -.33 -1.01 .95
-.14 -1.06 .95 .09 -1.06 .89 .28 -.99 .79 .34 -.88 .71 .3 -.79 .67 .18 -.74
.7 -.34 -.77 .35 -.41 -1.08 .39 -.42 -1.19 .42 -.33 -1.29 .44 -.14 -1.36 .44
.09 -1.36 .41 .28 -1.27 .37 .34 -1.13 .33 .3 -1.01 .31 .18 -.95 .32 -.34 -.99
-.12 -.41 -1.13 -.13 -.42 -1.24 -.14 -.33 -1.35 -.15 -.14 -1.42 -.15 .09 -1.42
-.14 .28 -1.33 -.12 .34 -1.18 -.11 .3 -1.06 -.1 .18 -.99 -.11 -.34 -1.04 -.57
-.41 -.98 -.62 -.42 -1.08 -.68 -.33 -1.17 -.71 -.14 -1.24 -.71 .09 -1.24 -.67
.28 -1.16 -.59 .34 -1.03 -.53 .3 -.92 -.5 .18 -.86 -.52 -.34 -.9 -.92 -.41
-.67 -1.01 -.42 -.73 -1.1 -.33 -.8 -1.15 -.14 -.84 -1.15 .09 -.84 -1.08 .28
-.79 -.96 .34 -.7 -.86 .3 -.63 -.81 .18 -.59 -.84 -.34 -.61 -1.11 -.41 -.24
-1.22 -.42 -.26 -1.32 -.33 -.28 -1.4 -.14 -.3 -1.4 .09 -.3 -1.31 .28 -.28
-1.16 .34 -.25 -1.04 .3 -.22 -.97 .18 -.21 -1.02 -.34 -.22 -1.11 -.41 .24
-1.22 -.42 .26 -1.32 -.33 .28 -1.4 -.14 .3 -1.4 .09 .3 -1.31 .28 .28 -1.16
.34 .25 -1.04 .3 .22 -.97 .18 .21 -1.02 -.34 .22 -.92 -.41 .67 -1.01 -.42
.73 -1.1 -.33 .8 -1.15 -.14 .84 -1.15 .09 .84 -1.08 .28 .79 -.96 .34 .7 -.86
.3 .63 -.81 .18 .59 -.84 -.34 .61 -.57 -.41 .98 -.62 -.42 1.08 -.68 -.33 1.17
-.71 -.14 1.24 -.71 .09 1.24 -.67 .28 1.16 -.59 .34 1.03 -.53 .3 .92 -.5 .18
.86 -.52 -.34 .9 -.12 -.41 1.13 -.13 -.42 1.24 -.14 -.33 1.35 -.15 -.14 1.42
-.15 .09 1.42 -.14 .28 1.33 -.12 .34 1.18 -.11 .3 1.06 -.1 .18 .99 -.11 -.34
1.04 .35 -.41 1.08 .39 -.42 1.19 .42 -.33 1.29 .44 -.14 1.36 .44 .09 1.36
.41 .28 1.27 .37 .34 1.13 .33 .3 1.01 .31 .18 .95 .32 -.34 .99 .76 -.41 .84
.83 -.42 .93 .91 -.33 1.01 .95 -.14 1.06 .95 .09 1.06 .89 .28 .99 .79 .34
.88 .71 .3 .79 .67 .18 .74 .7 -.34 .77 1.04 -.41 .46 1.14 -.42 .51 1.24 -.33
.55 1.3 -.14 .58 1.3 .09 .58 1.22 .28 .54 1.08 .34 .48 .97 .3 .43 .91 .18
.4 .95 -.34 .42 ] }
coordIndex [ 0 1 2 -1 0 2 3 -1 3 2 4 -1 3 4 5 -1 5 4 6 -1 5 6 7 -1 7 6 8 9 -1
9 8 10 -1 9 10 11 -1 11 10 12 -1 11 12 13 -1 13 12 14 -1 13 14 15 -1 15 14 16
-1 15 16 17 -1 17 16 18 -1 17 18 19 -1 19 18 1 -1 19 1 0 -1 1 20 21 -1 1 21
2 -1 2 21 22 -1 2 22 4 -1 4 22 23 -1 4 23 6 -1 6 23 24 8 -1 8 24 25 -1 8 25
10 -1 10 25 26 -1 10 26 12 -1 12 26 27 -1 12 27 14 -1 14 27 28 -1 14 28 16 -1
16 28 29 -1 16 29 18 -1 18 29 20 -1 18 20 1 -1 20 30 31 -1 20 31 21 -1 21 31
32 -1 21 32 22 -1 22 32 33 -1 22 33 23 -1 23 33 34 24 -1 24 34 35 -1 24 35 25
-1 25 35 36 -1 25 36 26 -1 26 36 37 -1 26 37 27 -1 27 37 38 -1 27 38 28 -1 28
38 39 -1 28 39 29 -1 29 39 30 -1 29 30 20 -1 30 40 41 -1 30 41 31 -1 31 41 42
-1 31 42 32 -1 32 42 43 -1 32 43 33 -1 33 43 44 34 -1 34 44 45 -1 34 45 35 -1
35 45 46 -1 35 46 36 -1 36 46 47 -1 36 47 37 -1 37 47 48 -1 37 48 38 -1 38 48
49 -1 38 49 39 -1 39 49 40 -1 39 40 30 -1 40 50 51 -1 40 51 41 -1 41 51 52 -1
41 52 42 -1 42 52 53 -1 42 53 43 -1 43 53 54 44 -1 44 54 55 -1 44 55 45 -1 45
55 56 -1 45 56 46 -1 46 56 57 -1 46 57 47 -1 47 57 58 -1 47 58 48 -1 48 58 59
-1 48 59 49 -1 49 59 50 -1 49 50 40 -1 50 60 61 -1 50 61 51 -1 51 61 62 -1 51
62 52 -1 52 62 63 -1 52 63 53 -1 53 63 64 54 -1 54 64 65 -1 54 65 55 -1 55 65
66 -1 55 66 56 -1 56 66 67 -1 56 67 57 -1 57 67 68 -1 57 68 58 -1 58 68 69 -1
58 69 59 -1 59 69 60 -1 59 60 50 -1 60 70 71 -1 60 71 61 -1 61 71 72 -1 61 72
62 -1 62 72 73 -1 62 73 63 -1 63 73 74 64 -1 64 74 75 -1 64 75 65 -1 65 75 76
-1 65 76 66 -1 66 76 77 -1 66 77 67 -1 67 77 78 -1 67 78 68 -1 68 78 79 69 -1
69 79 70 -1 69 70 60 -1 70 80 81 71 -1 71 81 82 72 -1 72 82 83 73 -1 73 83 84
74 -1 74 84 85 75 -1 75 85 86 76 -1 76 86 87 77 -1 77 87 88 78 -1 78 88 89 79
-1 79 89 80 70 -1 80 90 91 -1 80 91 81 -1 81 91 92 -1 81 92 82 -1 82 92 93 -1
82 93 83 -1 83 93 94 84 -1 84 94 95 -1 84 95 85 -1 85 95 96 -1 85 96 86 -1 86
96 97 -1 86 97 87 -1 87 97 98 -1 87 98 88 -1 88 98 99 89 -1 89 99 90 -1 89 90
80 -1 90 100 101 -1 90 101 91 -1 91 101 102 -1 91 102 92 -1 92 102 103 -1 92
103 93 -1 93 103 104 94 -1 94 104 105 -1 94 105 95 -1 95 105 106 -1 95 106 96
-1 96 106 107 -1 96 107 97 -1 97 107 108 -1 97 108 98 -1 98 108 109 -1 98 109
99 -1 99 109 100 -1 99 100 90 -1 100 110 111 -1 100 111 101 -1 101 111 112 -1
101 112 102 -1 102 112 113 -1 102 113 103 -1 103 113 114 104 -1 104 114 115
-1 104 115 105 -1 105 115 116 -1 105 116 106 -1 106 116 117 -1 106 117 107 -1
107 117 118 -1 107 118 108 -1 108 118 119 -1 108 119 109 -1 109 119 110 -1 109
110 100 -1 110 120 121 -1 110 121 111 -1 111 121 122 -1 111 122 112 -1 112 122
123 -1 112 123 113 -1 113 123 124 114 -1 114 124 125 -1 114 125 115 -1 115 125
126 -1 115 126 116 -1 116 126 127 -1 116 127 117 -1 117 127 128 -1 117 128 118
-1 118 128 129 -1 118 129 119 -1 119 129 120 -1 119 120 110 -1 120 130 131 -1
120 131 121 -1 121 131 132 -1 121 132 122 -1 122 132 133 -1 122 133 123 -1 123
133 134 124 -1 124 134 135 -1 124 135 125 -1 125 135 136 -1 125 136 126 -1 126
136 137 -1 126 137 127 -1 127 137 138 -1 127 138 128 -1 128 138 139 -1 128 139
129 -1 129 139 130 -1 129 130 120 -1 130 140 141 -1 130 141 131 -1 131 141 142
-1 131 142 132 -1 132 142 143 -1 132 143 133 -1 133 143 144 134 -1 134 144 145
-1 134 145 135 -1 135 145 146 -1 135 146 136 -1 136 146 147 -1 136 147 137 -1
137 147 148 -1 137 148 138 -1 138 148 149 -1 138 149 139 -1 139 149 140 -1 139
140 130 -1 140 0 3 -1 140 3 141 -1 141 3 5 -1 141 5 142 -1 142 5 7 -1 142 7
143 -1 143 7 9 144 -1 144 9 11 -1 144 11 145 -1 145 11 13 -1 145 13 146 -1 146
13 15 -1 146 15 147 -1 147 15 17 -1 147 17 148 -1 148 17 19 -1 148 19 149 -1
149 19 0 -1 149 0 140 -1 ]
}
}
]
}
Transform {
translation 0.0 0.0 0.127
rotation 1.0 0.0 0.0 1.571
scale 0.15 0.308 0.15
children [
Shape {
appearance Appearance {
material USE material2_mat
}
geometry IndexedFaceSet {
solid FALSE
convex FALSE
creaseAngle 0.524
coord Coordinate {
point [ 1.6 .04 0 1.46 .04 -.65 1.46 .06 -.65 1.6 .06 0 1.07 .04 -1.19 1.07
.06 -1.19 .49 .04 -1.52 .49 .06 -1.52 -.17 .04 -1.59 -.17 .06 -1.59 -.8 .04
-1.39 -.8 .06 -1.39 -1.29 .04 -.94 -1.29 .06 -.94 -1.57 .04 -.33 -1.57 .06
-.33 -.04 .04 -.01 -.04 .04 .01 -.03 .04 .02 -.02 .04 .03 0 .04 .04 .01 .04
.04 .03 .04 .03 .04 .04 .02 .04 .04 0 .04 .04 -.02 .03 .04 -.03 .01 .04 -.04
0 .04 -.04 -.02 .04 -.03 -.03 .04 -.02 -1.57 .04 .33 1.46 .04 .65 1.07 .04
1.19 .49 .04 1.52 -.17 .04 1.59 -.8 .04 1.39 -1.29 .04 .94 -1.57 .06 .33 -1.29
.06 .94 -.8 .06 1.39 -.17 .06 1.59 .49 .06 1.52 1.07 .06 1.19 1.46 .06 .65
-.09 .06 .02 -.09 .06 -.02 -.08 .06 -.06 -.05 .06 -.08 -.01 .06 -.09 .03 .06
-.09 .06 .06 -.07 .09 .06 -.04 .09 .06 0 .09 .06 .04 .06 .06 .07 .03 .06 .09
-.01 .06 .09 -.05 .06 .08 -.08 .06 .06 ] }
coordIndex [ 0 1 2 3 -1 1 4 5 2 -1 4 6 7 5 -1 6 8 9 7 -1 8 10 11 9 -1 10 12
13 11 -1 12 14 15 13 -1 16 17 18 19 20 21 22 23 24 25 26 27 28 29 30 16 31 14
12 10 8 6 4 1 0 32 33 34 35 36 37 31 -1 14 31 38 15 -1 15 38 39 40 41 42 43
44 3 2 5 7 9 11 13 15 45 46 47 48 49 50 51 52 53 54 55 56 57 58 59 45 -1 31
37 39 38 -1 37 36 40 39 -1 36 35 41 40 -1 35 34 42 41 -1 34 33 43 42 -1 33 32
44 43 -1 32 0 3 44 -1 ]
}
}
]
}
Transform {
children [
USE Group3
]
}
Transform {
rotation 1.0 0.0 0.0 1.571
children [
Shape {
appearance Appearance {
material USE material2_mat
}
geometry Cylinder {
height 0.997
radius 0.070
}
}
]
}
]
}
]
}
Transform {
translation 0.0 1.423 0.0
children [
Group {
children [
Transform {
translation -0.875 1.232 0.38
children [
DEF Group5 Group {
children [
Transform {
rotation 0.0 0.0 1.0 0.611
scale 0.45 0.354 0.45
children [
Shape {
appearance Appearance {
texture ImageTexture {
url "hog1.jpg"
}
material USE Red_mat
}
geometry IndexedFaceSet {
solid FALSE
convex FALSE
creaseAngle 0.524
coord Coordinate {
point [ .43 -.13 0 .39 -.13 -.17 .39 .18 -.17 .43 .18 0 .28 .35 -.12 .3 .35
0 .29 -.13 -.32 .29 .18 -.32 .2 .35 -.22 .13 -.13 -.41 .13 .18 -.41 .09 .35
-.29 -.04 -.13 -.42 -.04 .18 -.42 -.03 .35 -.3 -.21 -.13 -.37 -.21 .18 -.37
-.15 .35 -.26 -.34 -.13 -.25 -.34 .18 -.25 -.24 .35 -.18 -.42 -.13 -.09 -.42
.18 -.09 -.3 .35 -.06 -.09 -.13 -.02 -.09 -.13 .02 -.08 -.13 .06 -.05 -.13
.08 -.01 -.13 .09 .03 -.13 .09 .06 -.13 .07 .09 -.13 .04 .09 -.13 0 .09 -.13
-.04 .06 -.13 -.07 .03 -.13 -.09 -.01 -.13 -.09 -.05 -.13 -.08 -.08 -.13 -.06
-.42 -.13 .09 .39 -.13 .17 .29 -.13 .32 .13 -.13 .41 -.04 -.13 .42 -.21 -.13
.37 -.34 -.13 .25 -.42 .18 .09 -.3 .35 .06 -.24 .35 .18 -.15 .35 .26 -.03
.35 .3 .09 .35 .29 .2 .35 .22 .28 .35 .12 -.05 .35 .01 -.05 .35 -.01 -.04
.35 -.03 -.02 .35 -.04 -.01 .35 -.05 .01 .35 -.05 .03 .35 -.04 .04 .35 -.02
.05 .35 0 .04 .35 .02 .03 .35 .04 .01 .35 .05 -.01 .35 .05 -.02 .35 .04 -.04
.35 .03 -.34 .18 .25 -.21 .18 .37 -.04 .18 .42 .13 .18 .41 .29 .18 .32 .39
.18 .17 ] } texCoord
TextureCoordinate { point [ 0 .3 .07 .3 .07 .58 0 .58 .07 .77 0 .77 .13 .3
.13 .58 .13 .77 .2 .3 .2 .58 .2 .77 .27 .3 .27 .58 .27 .77 .33 .3 .33 .58
.33 .77 .4 .3 .4 .58 .4 .77 .47 .3 .47 .58 .47 .77 .47 0 .53 0 .6 0 .67 0
.73 0 .8 0 .87 0 .93 0 0 0 .07 0 .13 0 .2 0 .27 0 .33 0 .4 0 .53 .3 1 .3 .93
.3 .87 .3 .8 .3 .73 .3 .67 .3 .6 .3 .53 .58 .53 .77 .6 .77 .67 .77 .73 .77
.8 .77 .87 .77 .93 .77 .53 1 .47 1 .4 1 .33 1 .27 1 .2 1 .13 1 .07 1 1 1 .93
1 .87 1 .8 1 .73 1 .67 1 .6 1 .6 .58 .67 .58 .73 .58 .8 .58 .87 .58 .93 .58
1 .58 1 .77 ] }
coordIndex [ 0 1 2 3 -1 3 2 4 -1 3 4 5 -1 1 6 7 2 -1 2 7 8 -1 2 8 4 -1 6 9 10
7 -1 7 10 11 -1 7 11 8 -1 9 12 13 10 -1 10 13 14 -1 10 14 11 -1 12 15 16 13
-1 13 16 17 -1 13 17 14 -1 15 18 19 16 -1 16 19 20 -1 16 20 17 -1 18 21 22 19
-1 19 22 23 -1 19 23 20 -1 24 25 26 27 28 29 30 31 32 33 34 35 36 37 38 24 39
21 18 15 12 9 6 1 0 40 41 42 43 44 45 39 -1 21 39 46 22 -1 22 46 47 23 -1 23
47 48 49 50 51 52 53 5 4 8 11 14 17 20 23 54 55 56 57 58 59 60 61 62 63 64 65
66 67 68 54 -1 39 45 69 46 -1 46 69 48 -1 46 48 47 -1 45 44 70 69 -1 69 70 49
-1 69 49 48 -1 44 43 71 70 -1 70 71 50 -1 70 50 49 -1 43 42 72 71 -1 71 72 51
-1 71 51 50 -1 42 41 73 72 -1 72 73 52 -1 72 52 51 -1 41 40 74 73 -1 73 74 53
-1 73 53 52 -1 40 0 3 74 -1 74 3 5 -1 74 5 53 -1 ] texCoordIndex [ 0 1 2 3
-1 3 2 4 -1 3 4 5 -1 1 6 7 2 -1 2 7 8 -1 2 8 4 -1 6 9 10 7 -1 7 10 11 -1 7
11 8 -1 9 12 13 10 -1 10 13 14 -1 10 14 11 -1 12 15 16 13 -1 13 16 17 -1 13
17 14 -1 15 18 19 16 -1 16 19 20 -1 16 20 17 -1 18 21 22 19 -1 19 22 23 -1
19 23 20 -1 24 25 26 27 28 29 30 31 32 33 34 35 36 37 38 24 39 21 18 15 12
9 6 1 40 41 42 43 44 45 46 39 -1 21 39 47 22 -1 22 47 48 23 -1 23 48 49 50
51 52 53 54 5 4 8 11 14 17 20 23 55 56 57 58 59 60 61 62 63 64 65 66 67 68
69 55 -1 39 46 70 47 -1 47 70 49 -1 47 49 48 -1 46 45 71 70 -1 70 71 50 -1
70 50 49 -1 45 44 72 71 -1 71 72 51 -1 71 51 50 -1 44 43 73 72 -1 72 73 52
-1 72 52 51 -1 43 42 74 73 -1 73 74 53 -1 73 53 52 -1 42 41 75 74 -1 74 75
54 -1 74 54 53 -1 41 40 76 75 -1 75 76 77 -1 75 77 54 -1 ]
}
}
]
}
Transform {
translation -0.00273 -0.00102 0.0
rotation 0.0 0.0 1.0 0.611
scale 0.45 0.354 0.45
children [
Shape {
appearance Appearance {
material USE material2_mat
}
geometry IndexedFaceSet {
solid FALSE
convex FALSE
creaseAngle 0.524
coord Coordinate {
point [ .43 -.38 0 .39 -.38 -.17 .39 -.13 -.17 .43 -.13 0 .29 -.38 -.32 .29
-.13 -.32 .13 -.38 -.41 .13 -.13 -.41 -.04 -.38 -.42 -.04 -.13 -.42 -.21 -.38
-.37 -.21 -.13 -.37 -.35 -.38 -.25 -.34 -.13 -.25 -.42 -.38 -.09 -.42 -.13
-.09 -.06 -.38 -.01 -.06 -.38 .01 -.05 -.38 .04 -.03 -.38 .06 -.01 -.38 .07
.02 -.38 .06 .04 -.38 .05 .06 -.38 .03 .07 -.38 0 .06 -.38 -.03 .04 -.38 -.05
.02 -.38 -.06 -.01 -.38 -.07 -.03 -.38 -.06 -.05 -.38 -.04 -.42 -.38 .09 .39
-.38 .17 .29 -.38 .32 .13 -.38 .41 -.04 -.38 .42 -.21 -.38 .37 -.35 -.38 .25
-.42 -.13 .09 -.34 -.13 .25 -.21 -.13 .37 -.04 -.13 .42 .13 -.13 .41 .29 -.13
.32 .39 -.13 .17 -.09 -.13 .02 -.09 -.13 -.02 -.08 -.13 -.06 -.05 -.13 -.08
-.01 -.13 -.09 .03 -.13 -.09 .06 -.13 -.07 .09 -.13 -.04 .09 -.13 0 .09 -.13
.04 .06 -.13 .07 .03 -.13 .09 -.01 -.13 .09 -.05 -.13 .08 -.08 -.13 .06 ]
}
coordIndex [ 0 1 2 -1 0 2 3 -1 1 4 5 -1 1 5 2 -1 4 6 7 -1 4 7 5 -1 6 8 9 -1
6 9 7 -1 8 10 11 -1 8 11 9 -1 10 12 13 -1 10 13 11 -1 12 14 15 -1 12 15 13 -1
16 17 18 19 20 21 22 23 24 25 26 27 28 29 30 16 31 14 12 10 8 6 4 1 0 32 33
34 35 36 37 31 -1 14 31 38 15 -1 15 38 39 40 41 42 43 44 3 2 5 7 9 11 13 15
45 46 47 48 49 50 51 52 53 54 55 56 57 58 59 45 -1 31 37 39 -1 31 39 38 -1 37
36 40 -1 37 40 39 -1 36 35 41 -1 36 41 40 -1 35 34 42 -1 35 42 41 -1 34 33 43
-1 34 43 42 -1 33 32 44 -1 33 44 43 -1 32 0 3 -1 32 3 44 -1 ]
}
}
]
}
]
}
]
}
Transform {
translation -0.875 1.232 -0.44
children [
USE Group5
]
}
Transform {
translation -1.712 2.438 0.38
rotation 0.0 0.0 1.0 0.611
children [
DEF Cylinder4 Shape {
appearance Appearance {
material USE material2_mat
}
geometry Cylinder {
height 1.709
radius 0.100
}
}
]
}
Transform {
translation -1.226 1.741 0.38
rotation 0.0 0.0 1.0 0.611
children [
DEF Cylinder6 Shape {
appearance Appearance {
material USE material2_mat
}
geometry Cylinder {
height 1.709
radius 0.130
}
}
]
}
Transform {
translation -0.4 0.557 0.38
rotation 0.0 0.0 1.0 0.611
children [
DEF Cylinder5 Shape {
appearance Appearance {
material USE material2_mat
}
geometry Cylinder {
height 1.709
radius 0.155
}
}
]
}
Transform {
translation -1.712 2.438 -0.44
rotation 0.0 0.0 1.0 0.611
children [
USE Cylinder4
]
}
Transform {
translation -1.226 1.741 -0.44
rotation 0.0 0.0 1.0 0.611
children [
USE Cylinder6
]
}
Transform {
translation -0.4 0.557 -0.44
rotation 0.0 0.0 1.0 0.611
children [
USE Cylinder5
]
}
Transform {
translation -1.964 2.347 -0.025
rotation 0.0 0.0 1.0 0.611
scale 0.591 0.591 0.591
children [
DEF SculptedSurface2 Shape {
appearance Appearance {
material USE material2_mat
}
geometry IndexedFaceSet {
solid FALSE
convex FALSE
creaseAngle 0.524
coord Coordinate {
point [ .49 -.11 -.95 .54 -.11 -.94 .54 .06 -.94 .42 .06 -.94 .65 -.11 -.83
.65 .06 -.83 .65 -.11 .7 .65 .06 .7 .64 -.11 .83 .64 .06 .83 .56 -.11 .92
.56 .06 .92 .53 -.11 .93 .53 .06 .93 .43 -.11 .93 .43 .06 .93 .34 -.11 .91
.34 .06 .91 -.43 -.11 .17 -.43 .06 .17 -.45 -.11 .08 -.45 .06 .08 -.44 -.11
-.1 -.44 .06 -.1 -.4 -.11 -.17 -.4 .06 -.17 .33 -.11 -.9 .33 .06 -.9 ] }
coordIndex [ 0 1 2 -1 0 2 3 -1 1 4 5 2 -1 4 6 7 5 -1 6 8 9 7 -1 8 10 11 9 -1
10 12 13 11 -1 12 14 15 13 -1 14 16 17 15 -1 16 18 19 17 -1 18 20 21 19 -1 20
22 23 21 -1 22 24 25 23 -1 24 26 27 25 -1 26 0 3 -1 26 3 27 -1 3 2 5 7 9 11
13 15 17 19 21 23 25 27 -1 26 24 22 20 18 16 14 12 10 8 6 4 1 0 -1 ]
}
}
]
}
Transform {
translation -2.34831 2.89388 -0.02797
rotation 0.0 0.0 1.0 0.611
scale 0.591 0.591 0.591
children [
USE SculptedSurface2
]
}
Transform {
translation -2.27479 2.53217 -0.024
rotation 0.0 0.0 1.0 0.611
children [
Shape {
appearance Appearance {
texture ImageTexture {
url "hog1.jpg"
}
material USE Red_mat
}
geometry Cylinder {
height 0.615
radius 0.094
}
}
]
}
Transform {
translation -2.333 3.087 0.13
rotation 0.0 0.0 1.0 0.611
children [
DEF Cylinder17 Shape {
appearance Appearance {
material USE material2_mat
}
geometry Cylinder {
height 0.487
radius 0.066
}
}
]
}
]
}
]
}
Transform {
translation -1.747 3.933 0.665
rotation 0.0 0.0 -1.0 1.571
scale 0.681 0.681 0.681
children [
DEF Group6 Group {
children [
Transform {
translation 0.0 -0.227 0.0
scale 1.0 0.738 1.0
children [
Shape {
appearance Appearance {
material USE material2_mat
}
geometry IndexedFaceSet {
solid FALSE
convex FALSE
creaseAngle 0.524
coord Coordinate {
point [ 0 -.41 0 .11 -.36 -.05 .12 -.36 0 .19 -.17 -.09 .21 -.17 0 .22 -.06
-.1 .24 -.06 0 .24 .3 -.11 .26 .3 0 .24 .6 -.11 .26 .6 0 .08 -.36 -.09 .14
-.17 -.16 .16 -.06 -.18 .17 .3 -.19 .17 .6 -.19 .04 -.36 -.12 .07 -.17 -.2
.07 -.06 -.23 .08 .3 -.25 .08 .6 -.25 -.01 -.36 -.12 -.02 -.17 -.21 -.02 -.06
-.24 -.03 .3 -.26 -.03 .6 -.26 -.06 -.36 -.11 -.11 -.17 -.18 -.12 -.06 -.2
-.13 .3 -.23 -.13 .6 -.23 -.1 -.36 -.07 -.17 -.17 -.12 -.19 -.06 -.14 -.21
.3 -.15 -.21 .6 -.15 -.12 -.36 -.03 -.21 -.17 -.04 -.23 -.06 -.05 -.25 .3
-.05 -.25 .6 -.05 -.12 -.36 .03 -.21 -.17 .04 -.23 -.06 .05 -.25 .3 .05 -.25
.6 .05 -.1 -.36 .07 -.17 -.17 .12 -.19 -.06 .14 -.21 .3 .15 -.21 .6 .15 -.06
-.36 .11 -.11 -.17 .18 -.12 -.06 .2 -.13 .3 .23 -.13 .6 .23 -.01 -.36 .12
-.02 -.17 .21 -.02 -.06 .24 -.03 .3 .26 -.03 .6 .26 .04 -.36 .12 .07 -.17
.2 .07 -.06 .23 .08 .3 .25 .08 .6 .25 .08 -.36 .09 .14 -.17 .16 .16 -.06 .18
.17 .3 .19 .17 .6 .19 .11 -.36 .05 .19 -.17 .09 .22 -.06 .1 .24 .3 .11 .24
.6 .11 ] }
coordIndex [ 0 1 2 -1 2 1 3 -1 2 3 4 -1 4 3 5 -1 4 5 6 -1 6 5 7 -1 6 7 8 -1
8 7 9 10 -1 0 11 1 -1 1 11 12 -1 1 12 3 -1 3 12 13 -1 3 13 5 -1 5 13 14 -1 5
14 7 -1 7 14 15 9 -1 0 16 11 -1 11 16 17 -1 11 17 12 -1 12 17 18 -1 12 18 13
-1 13 18 19 -1 13 19 14 -1 14 19 20 15 -1 0 21 16 -1 16 21 22 -1 16 22 17 -1
17 22 23 -1 17 23 18 -1 18 23 24 -1 18 24 19 -1 19 24 25 20 -1 0 26 21 -1 21
26 27 -1 21 27 22 -1 22 27 28 -1 22 28 23 -1 23 28 29 -1 23 29 24 -1 24 29 30
25 -1 0 31 26 -1 26 31 32 -1 26 32 27 -1 27 32 33 -1 27 33 28 -1 28 33 34 -1
28 34 29 -1 29 34 35 30 -1 0 36 31 -1 31 36 37 -1 31 37 32 -1 32 37 38 -1 32
38 33 -1 33 38 39 -1 33 39 34 -1 34 39 40 35 -1 0 41 36 -1 36 41 42 37 -1 37
42 43 38 -1 38 43 44 39 -1 39 44 45 40 -1 0 46 41 -1 41 46 47 -1 41 47 42 -1
42 47 48 -1 42 48 43 -1 43 48 49 -1 43 49 44 -1 44 49 50 45 -1 0 51 46 -1 46
51 52 -1 46 52 47 -1 47 52 53 -1 47 53 48 -1 48 53 54 -1 48 54 49 -1 49 54 55
50 -1 0 56 51 -1 51 56 57 -1 51 57 52 -1 52 57 58 -1 52 58 53 -1 53 58 59 -1
53 59 54 -1 54 59 60 55 -1 0 61 56 -1 56 61 62 -1 56 62 57 -1 57 62 63 -1 57
63 58 -1 58 63 64 -1 58 64 59 -1 59 64 65 60 -1 0 66 61 -1 61 66 67 -1 61 67
62 -1 62 67 68 -1 62 68 63 -1 63 68 69 -1 63 69 64 -1 64 69 70 65 -1 0 71 66
-1 66 71 72 -1 66 72 67 -1 67 72 73 -1 67 73 68 -1 68 73 74 -1 68 74 69 -1 69
74 75 70 -1 0 2 71 -1 71 2 4 -1 71 4 72 -1 72 4 6 -1 72 6 73 -1 73 6 8 -1 73
8 74 -1 74 8 10 75 -1 ]
}
}
]
}
Transform {
translation 0.0 -0.392 0.0
children [
Shape {
appearance Appearance {
material
Material {
shininess 0.100
diffuseColor 1.0 0.50196 0.25098
specularColor 1.0 0.0 0.0
}
}
geometry IndexedFaceSet {
solid FALSE
convex FALSE
creaseAngle 0.524
coord Coordinate {
point [ .26 .6 0 .24 .6 -.11 .23 .7 -.1 .26 .7 0 .21 .73 -.1 .24 .73 0 .19
.74 -.08 .2 .74 0 .11 .75 -.05 .12 .75 0 0 .76 0 .17 .6 -.19 .17 .7 -.19 .16
.73 -.17 .14 .74 -.15 .08 .75 -.09 .08 .6 -.25 .08 .7 -.24 .07 .73 -.22 .06
.74 -.19 .04 .75 -.11 -.03 .6 -.26 -.03 .7 -.26 -.02 .73 -.23 -.02 .74 -.2
-.01 .75 -.12 -.13 .6 -.23 -.13 .7 -.22 -.12 .73 -.2 -.1 .74 -.18 -.06 .75
-.1 -.21 .6 -.15 -.21 .7 -.15 -.19 .73 -.14 -.17 .74 -.12 -.1 .75 -.07 -.25
.6 -.05 -.25 .7 -.05 -.23 .73 -.05 -.2 .74 -.04 -.12 .75 -.02 -.25 .6 .05
-.25 .7 .05 -.23 .73 .05 -.2 .74 .04 -.12 .75 .02 -.21 .6 .15 -.21 .7 .15
-.19 .73 .14 -.17 .74 .12 -.1 .75 .07 -.13 .6 .23 -.13 .7 .22 -.12 .73 .2
-.1 .74 .18 -.06 .75 .1 -.03 .6 .26 -.03 .7 .26 -.02 .73 .23 -.02 .74 .2 -.01
.75 .12 .08 .6 .25 .08 .7 .24 .07 .73 .22 .06 .74 .19 .04 .75 .11 .17 .6 .19
.17 .7 .19 .16 .73 .17 .14 .74 .15 .08 .75 .09 .24 .6 .11 .23 .7 .1 .21 .73
.1 .19 .74 .08 .11 .75 .05 ] }
coordIndex [ 0 1 2 -1 0 2 3 -1 3 2 4 -1 3 4 5 -1 5 4 6 -1 5 6 7 -1 7 6 8 -1
7 8 9 -1 9 8 10 -1 1 11 12 -1 1 12 2 -1 2 12 13 -1 2 13 4 -1 4 13 14 -1 4 14
6 -1 6 14 15 -1 6 15 8 -1 8 15 10 -1 11 16 17 -1 11 17 12 -1 12 17 18 -1 12
18 13 -1 13 18 19 -1 13 19 14 -1 14 19 20 -1 14 20 15 -1 15 20 10 -1 16 21 22
-1 16 22 17 -1 17 22 23 -1 17 23 18 -1 18 23 24 -1 18 24 19 -1 19 24 25 -1 19
25 20 -1 20 25 10 -1 21 26 27 -1 21 27 22 -1 22 27 28 -1 22 28 23 -1 23 28 29
-1 23 29 24 -1 24 29 30 -1 24 30 25 -1 25 30 10 -1 26 31 32 -1 26 32 27 -1 27
32 33 -1 27 33 28 -1 28 33 34 -1 28 34 29 -1 29 34 35 -1 29 35 30 -1 30 35 10
-1 31 36 37 -1 31 37 32 -1 32 37 38 -1 32 38 33 -1 33 38 39 -1 33 39 34 -1 34
39 40 -1 34 40 35 -1 35 40 10 -1 36 41 42 37 -1 37 42 43 38 -1 38 43 44 39 -1
39 44 45 40 -1 40 45 10 -1 41 46 47 -1 41 47 42 -1 42 47 48 -1 42 48 43 -1 43
48 49 -1 43 49 44 -1 44 49 50 -1 44 50 45 -1 45 50 10 -1 46 51 52 -1 46 52 47
-1 47 52 53 -1 47 53 48 -1 48 53 54 -1 48 54 49 -1 49 54 55 -1 49 55 50 -1 50
55 10 -1 51 56 57 -1 51 57 52 -1 52 57 58 -1 52 58 53 -1 53 58 59 -1 53 59 54
-1 54 59 60 -1 54 60 55 -1 55 60 10 -1 56 61 62 -1 56 62 57 -1 57 62 63 -1 57
63 58 -1 58 63 64 -1 58 64 59 -1 59 64 65 -1 59 65 60 -1 60 65 10 -1 61 66 67
-1 61 67 62 -1 62 67 68 -1 62 68 63 -1 63 68 69 -1 63 69 64 -1 64 69 70 -1 64
70 65 -1 65 70 10 -1 66 71 72 -1 66 72 67 -1 67 72 73 -1 67 73 68 -1 68 73 74
-1 68 74 69 -1 69 74 75 -1 69 75 70 -1 70 75 10 -1 71 0 3 -1 71 3 72 -1 72 3
5 -1 72 5 73 -1 73 5 7 -1 73 7 74 -1 74 7 9 -1 74 9 75 -1 75 9 10 -1 ]
}
}
]
}
]
}
]
}
Transform {
translation -0.54 2.722 0.0
rotation 0.0 1.0 0.0 1.571
scale 0.64471 1.0 1.0
children [
Group {
children [
Transform {
translation 0.033 -0.162 0.047
rotation 1.0 0.0 0.0 1.571
scale 0.865 0.865 0.865
children [
Shape {
appearance Appearance {
texture ImageTexture {
url "hog1.jpg"
}
textureTransform TextureTransform {
scale 2.0 2.0
}
material USE White_mat
}
geometry IndexedFaceSet {
solid FALSE
convex FALSE
creaseAngle 3.142
coord Coordinate {
point [ 0 -1.31 .99 -.24 -1.26 .99 -.31 -1.18 .78 0 -1.25 .75 -.33 -1.19 .99
-.44 -1.08 .82 -.37 -1.1 .99 -.49 -.95 .89 -.34 -1.2 .99 -.45 -1.09 .82 -.25
-1.27 .99 -.32 -1.19 .77 0 -1.32 .99 0 -1.27 .74 .24 -1.27 .99 .32 -1.19 .78
.34 -1.19 .99 .44 -1.08 .82 .37 -1.1 .99 .49 -.95 .89 .48 -.95 .89 .33 -1.19
.99 .43 -1.08 .83 .24 -1.26 .99 -.35 -1.02 .42 0 -1.07 .35 -.48 -.94 .54 -.54
-.83 .69 -.55 -.83 .69 -.5 -.94 .53 -.36 -1.03 .41 0 -1.09 .32 .36 -1.02 .42
.49 -.94 .54 .55 -.83 .69 .54 -.83 .69 .48 -.94 .54 -.38 -.8 .08 0 -.85 .01
-.53 -.72 .19 -.59 -.61 .34 -.6 -.62 .34 -.54 -.72 .18 -.4 -.81 .07 0 -.87
-.02 .39 -.8 .08 .54 -.72 .19 .6 -.62 .34 .59 -.61 .34 .53 -.72 .2 -.38 -.58
-.13 0 -.62 -.21 -.53 -.51 -.01 -.59 -.42 .15 -.6 -.42 .15 -.54 -.51 -.02
-.4 -.58 -.14 0 -.64 -.24 .39 -.58 -.14 .54 -.51 -.01 .6 -.42 .15 .59 -.42
.15 .53 -.51 -.01 -.38 -.41 -.25 0 -.46 -.34 -.53 -.32 -.11 -.59 -.21 .08
-.6 -.21 .08 -.54 -.33 -.12 -.4 -.41 -.26 0 -.48 -.38 .39 -.41 -.25 .54 -.32
-.11 .6 -.21 .08 .59 -.21 .08 .53 -.32 -.1 -.38 .03 -.45 0 -.01 -.53 -.53
.09 -.32 -.59 .17 -.15 -.6 .17 -.15 -.54 .08 -.33 -.4 .02 -.46 0 -.02 -.56
.39 .03 -.45 .54 .09 -.32 .6 .17 -.15 .59 .17 -.15 .53 .09 -.32 -.38 .47 -.53
0 .46 -.61 -.53 .49 -.4 -.59 .52 -.22 -.6 .52 -.22 -.54 .49 -.4 -.4 .47 -.54
0 .45 -.64 .39 .47 -.53 .54 .49 -.4 .6 .52 -.22 .59 .52 -.22 .53 .49 -.39
-.37 .94 -.49 0 .94 -.57 -.51 .94 -.37 -.56 .94 -.21 -.57 .94 -.21 -.52 .94
-.38 -.38 .94 -.5 0 .94 -.6 .37 .94 -.49 .52 .94 -.37 .57 .94 -.21 .56 .94
-.21 .5 .94 -.37 -.34 1.23 -.4 0 1.26 -.46 -.47 1.18 -.32 -.52 1.11 -.21 -.53
1.11 -.21 -.48 1.18 -.32 -.35 1.23 -.41 0 1.27 -.48 .34 1.23 -.41 .48 1.18
-.32 .53 1.11 -.21 .52 1.11 -.21 .47 1.18 -.32 -.25 1.45 -.31 0 1.5 -.35 -.35
1.39 -.27 -.39 1.29 -.2 -.4 1.29 -.2 -.36 1.39 -.27 -.26 1.46 -.32 0 1.51
-.36 .26 1.46 -.32 .36 1.39 -.27 .4 1.29 -.2 .39 1.29 -.2 .35 1.38 -.26 ]
} texCoord
TextureCoordinate { point [ 0 0 .11 0 .11 .07 0 .07 .18 0 .18 .07 .25 0 .24
.07 .25 .07 .32 0 .31 .07 .38 0 .38 .07 .5 0 .5 .07 .62 0 .62 .07 .69 0 .69
.07 .75 0 .75 .07 .76 0 .82 0 .82 .07 .88 0 .88 .07 1 0 1 .07 .11 .18 0 .19
.18 .17 .24 .15 .25 .15 .31 .17 .38 .18 .5 .19 .62 .18 .69 .17 .75 .15 .82
.17 .88 .18 1 .19 .11 .3 0 .3 .18 .29 .24 .29 .25 .29 .31 .29 .38 .3 .5 .3
.62 .3 .69 .29 .75 .29 .82 .29 .88 .29 1 .3 .11 .38 0 .38 .18 .38 .24 .38
.25 .38 .31 .38 .38 .38 .5 .38 .62 .38 .69 .38 .75 .38 .82 .38 .88 .38 1 .38
.11 .44 0 .44 .18 .45 .24 .45 .25 .45 .31 .45 .38 .44 .5 .44 .62 .44 .69 .45
.75 .45 .82 .45 .88 .44 1 .44 .11 .58 0 .57 .18 .59 .24 .6 .25 .6 .31 .59
.38 .58 .5 .57 .62 .58 .69 .59 .75 .6 .82 .59 .88 .58 1 .57 .11 .71 0 .7 .18
.71 .24 .73 .25 .73 .31 .71 .38 .71 .5 .7 .62 .71 .69 .71 .75 .73 .82 .71
.88 .71 1 .7 .11 .84 0 .83 .18 .85 .24 .86 .25 .86 .31 .85 .38 .84 .5 .83
.62 .84 .69 .85 .75 .86 .82 .85 .88 .84 1 .83 .11 .93 0 .93 .18 .93 .24 .93
.25 .93 .31 .93 .38 .93 .5 .93 .62 .93 .69 .93 .75 .93 .82 .93 .88 .93 1 .93
.11 1 0 1 .18 1 .24 1 .25 1 .31 1 .38 1 .5 1 .62 1 .69 1 .75 1 .82 1 .88 1
1 1 .01 0 .05 .43 .17 .75 .83 .73 .5 .92 .18 .73 .06 .42 .94 .4 .95 .42 .99
0 .95 .43 .83 .77 .17 .78 .05 .45 .06 .43 .18 .76 .5 .96 .82 .73 .94 .42 ]
}
coordIndex [ 0 1 2 -1 0 2 3 -1 1 4 5 -1 1 5 2 -1 4 6 7 -1 4 7 5 -1 6 8 9 -1
6 9 7 -1 8 10 11 -1 8 11 9 -1 10 12 13 -1 10 13 11 -1 12 14 15 -1 12 15 13 -1
14 16 17 -1 14 17 15 -1 16 18 19 -1 16 19 17 -1 18 20 19 -1 18 21 22 -1 18 22
20 -1 21 23 15 -1 21 15 22 -1 23 0 3 -1 23 3 15 -1 3 2 24 -1 3 24 25 -1 2 5
26 -1 2 26 24 -1 5 7 27 -1 5 27 26 -1 7 28 27 -1 7 9 29 -1 7 29 28 -1 9 11 30
-1 9 30 29 -1 11 13 31 -1 11 31 30 -1 13 15 32 -1 13 32 31 -1 15 17 33 -1 15
33 32 -1 17 19 34 -1 17 34 33 -1 19 20 35 -1 19 35 34 -1 20 22 36 -1 20 36 35
-1 22 15 32 -1 22 32 36 -1 15 3 25 -1 15 25 32 -1 25 24 37 -1 25 37 38 -1 24
26 39 -1 24 39 37 -1 26 27 40 -1 26 40 39 -1 27 28 41 -1 27 41 40 -1 28 29 42
-1 28 42 41 -1 29 30 43 -1 29 43 42 -1 30 31 44 -1 30 44 43 -1 31 32 45 -1 31
45 44 -1 32 33 46 -1 32 46 45 -1 33 34 47 -1 33 47 46 -1 34 35 48 -1 34 48 47
-1 35 36 49 -1 35 49 48 -1 36 32 45 -1 36 45 49 -1 32 25 38 -1 32 38 45 -1 38
37 50 -1 38 50 51 -1 37 39 52 -1 37 52 50 -1 39 40 53 -1 39 53 52 -1 40 41 54
-1 40 54 53 -1 41 42 55 -1 41 55 54 -1 42 43 56 -1 42 56 55 -1 43 44 57 -1 43
57 56 -1 44 45 58 -1 44 58 57 -1 45 46 59 -1 45 59 58 -1 46 47 60 -1 46 60 59
-1 47 48 61 -1 47 61 60 -1 48 49 62 -1 48 62 61 -1 49 45 58 -1 49 58 62 -1 45
38 51 -1 45 51 58 -1 51 50 63 -1 51 63 64 -1 50 52 65 -1 50 65 63 -1 52 53 66
-1 52 66 65 -1 53 54 67 -1 53 67 66 -1 54 55 68 -1 54 68 67 -1 55 56 69 -1 55
69 68 -1 56 57 70 -1 56 70 69 -1 57 58 71 -1 57 71 70 -1 58 59 72 -1 58 72 71
-1 59 60 73 -1 59 73 72 -1 60 61 74 -1 60 74 73 -1 61 62 75 -1 61 75 74 -1 62
58 71 -1 62 71 75 -1 58 51 64 -1 58 64 71 -1 64 63 76 -1 64 76 77 -1 63 65 78
-1 63 78 76 -1 65 66 79 -1 65 79 78 -1 66 67 80 -1 66 80 79 -1 67 68 81 -1 67
81 80 -1 68 69 82 -1 68 82 81 -1 69 70 83 -1 69 83 82 -1 70 71 84 -1 70 84 83
-1 71 72 85 -1 71 85 84 -1 72 73 86 -1 72 86 85 -1 73 74 87 -1 73 87 86 -1 74
75 88 -1 74 88 87 -1 75 71 84 -1 75 84 88 -1 71 64 77 -1 71 77 84 -1 77 76 89
-1 77 89 90 -1 76 78 91 -1 76 91 89 -1 78 79 92 -1 78 92 91 -1 79 80 93 -1 79
93 92 -1 80 81 94 -1 80 94 93 -1 81 82 95 -1 81 95 94 -1 82 83 96 -1 82 96 95
-1 83 84 97 -1 83 97 96 -1 84 85 98 -1 84 98 97 -1 85 86 99 -1 85 99 98 -1 86
87 100 -1 86 100 99 -1 87 88 101 -1 87 101 100 -1 88 84 97 -1 88 97 101 -1 84
77 90 -1 84 90 97 -1 90 89 102 -1 90 102 103 -1 89 91 104 -1 89 104 102 -1 91
92 105 -1 91 105 104 -1 92 93 106 -1 92 106 105 -1 93 94 107 -1 93 107 106 -1
94 95 108 -1 94 108 107 -1 95 96 109 -1 95 109 108 -1 96 97 110 -1 96 110 109
-1 97 98 111 -1 97 111 110 -1 98 99 112 -1 98 112 111 -1 99 100 113 -1 99 113
112 -1 100 101 114 -1 100 114 113 -1 101 97 110 -1 101 110 114 -1 97 90 103
-1 97 103 110 -1 103 102 115 -1 103 115 116 -1 102 104 117 -1 102 117 115 -1
104 105 118 -1 104 118 117 -1 105 106 119 -1 105 119 118 -1 106 107 120 -1 106
120 119 -1 107 108 121 -1 107 121 120 -1 108 109 122 -1 108 122 121 -1 109 110
123 -1 109 123 122 -1 110 111 124 -1 110 124 123 -1 111 112 125 -1 111 125 124
-1 112 113 126 -1 112 126 125 -1 113 114 127 -1 113 127 126 -1 114 110 123 -1
114 123 127 -1 110 103 116 -1 110 116 123 -1 116 115 128 -1 116 128 129 -1 115
117 130 -1 115 130 128 -1 117 118 131 -1 117 131 130 -1 118 119 132 -1 118 132
131 -1 119 120 133 -1 119 133 132 -1 120 121 134 -1 120 134 133 -1 121 122 135
-1 121 135 134 -1 122 123 136 -1 122 136 135 -1 123 124 137 -1 123 137 136 -1
124 125 138 -1 124 138 137 -1 125 126 139 -1 125 139 138 -1 126 127 140 -1 126
140 139 -1 127 123 136 -1 127 136 140 -1 123 116 129 -1 123 129 136 -1 131 132
133 134 135 136 129 128 130 -1 140 136 137 138 139 -1 18 16 14 12 10 8 6 4 1
0 23 21 -1 ] texCoordIndex [ 0 1 2 -1 0 2 3 -1 1 4 5 -1 1 5 2 -1 4 6 7 -1
4 7 5 -1 6 9 10 -1 6 10 8 -1 9 11 12 -1 9 12 10 -1 11 13 14 -1 11 14 12 -1
13 15 16 -1 13 16 14 -1 15 17 18 -1 15 18 16 -1 17 19 20 -1 17 20 18 -1 19
20 20 -1 21 22 23 -1 21 23 20 -1 22 24 25 -1 22 25 23 -1 24 26 27 -1 24 27
25 -1 3 2 28 -1 3 28 29 -1 2 5 30 -1 2 30 28 -1 5 7 31 -1 5 31 30 -1 7 32
31 -1 8 10 33 -1 8 33 32 -1 10 12 34 -1 10 34 33 -1 12 14 35 -1 12 35 34 -1
14 16 36 -1 14 36 35 -1 16 18 37 -1 16 37 36 -1 18 20 38 -1 18 38 37 -1 20
20 38 -1 20 38 38 -1 20 23 39 -1 20 39 38 -1 23 25 40 -1 23 40 39 -1 25 27
41 -1 25 41 40 -1 29 28 42 -1 29 42 43 -1 28 30 44 -1 28 44 42 -1 30 31 45
-1 30 45 44 -1 31 32 46 -1 31 46 45 -1 32 33 47 -1 32 47 46 -1 33 34 48 -1
33 48 47 -1 34 35 49 -1 34 49 48 -1 35 36 50 -1 35 50 49 -1 36 37 51 -1 36
51 50 -1 37 38 52 -1 37 52 51 -1 38 38 52 -1 38 52 52 -1 38 39 53 -1 38 53
52 -1 39 40 54 -1 39 54 53 -1 40 41 55 -1 40 55 54 -1 43 42 56 -1 43 56 57
-1 42 44 58 -1 42 58 56 -1 44 45 59 -1 44 59 58 -1 45 46 60 -1 45 60 59 -1
46 47 61 -1 46 61 60 -1 47 48 62 -1 47 62 61 -1 48 49 63 -1 48 63 62 -1 49
50 64 -1 49 64 63 -1 50 51 65 -1 50 65 64 -1 51 52 66 -1 51 66 65 -1 52 52
66 -1 52 66 66 -1 52 53 67 -1 52 67 66 -1 53 54 68 -1 53 68 67 -1 54 55 69
-1 54 69 68 -1 57 56 70 -1 57 70 71 -1 56 58 72 -1 56 72 70 -1 58 59 73 -1
58 73 72 -1 59 60 74 -1 59 74 73 -1 60 61 75 -1 60 75 74 -1 61 62 76 -1 61
76 75 -1 62 63 77 -1 62 77 76 -1 63 64 78 -1 63 78 77 -1 64 65 79 -1 64 79
78 -1 65 66 80 -1 65 80 79 -1 66 66 80 -1 66 80 80 -1 66 67 81 -1 66 81 80
-1 67 68 82 -1 67 82 81 -1 68 69 83 -1 68 83 82 -1 71 70 84 -1 71 84 85 -1
70 72 86 -1 70 86 84 -1 72 73 87 -1 72 87 86 -1 73 74 88 -1 73 88 87 -1 74
75 89 -1 74 89 88 -1 75 76 90 -1 75 90 89 -1 76 77 91 -1 76 91 90 -1 77 78
92 -1 77 92 91 -1 78 79 93 -1 78 93 92 -1 79 80 94 -1 79 94 93 -1 80 80 94
-1 80 94 94 -1 80 81 95 -1 80 95 94 -1 81 82 96 -1 81 96 95 -1 82 83 97 -1
82 97 96 -1 85 84 98 -1 85 98 99 -1 84 86 100 -1 84 100 98 -1 86 87 101 -1
86 101 100 -1 87 88 102 -1 87 102 101 -1 88 89 103 -1 88 103 102 -1 89 90
104 -1 89 104 103 -1 90 91 105 -1 90 105 104 -1 91 92 106 -1 91 106 105 -1
92 93 107 -1 92 107 106 -1 93 94 108 -1 93 108 107 -1 94 94 108 -1 94 108
108 -1 94 95 109 -1 94 109 108 -1 95 96 110 -1 95 110 109 -1 96 97 111 -1
96 111 110 -1 99 98 112 -1 99 112 113 -1 98 100 114 -1 98 114 112 -1 100 101
115 -1 100 115 114 -1 101 102 116 -1 101 116 115 -1 102 103 117 -1 102 117
116 -1 103 104 118 -1 103 118 117 -1 104 105 119 -1 104 119 118 -1 105 106
120 -1 105 120 119 -1 106 107 121 -1 106 121 120 -1 107 108 122 -1 107 122
121 -1 108 108 122 -1 108 122 122 -1 108 109 123 -1 108 123 122 -1 109 110
124 -1 109 124 123 -1 110 111 125 -1 110 125 124 -1 113 112 126 -1 113 126
127 -1 112 114 128 -1 112 128 126 -1 114 115 129 -1 114 129 128 -1 115 116
130 -1 115 130 129 -1 116 117 131 -1 116 131 130 -1 117 118 132 -1 117 132
131 -1 118 119 133 -1 118 133 132 -1 119 120 134 -1 119 134 133 -1 120 121
135 -1 120 135 134 -1 121 122 136 -1 121 136 135 -1 122 122 136 -1 122 136
136 -1 122 123 137 -1 122 137 136 -1 123 124 138 -1 123 138 137 -1 124 125
139 -1 124 139 138 -1 127 126 140 -1 127 140 141 -1 126 128 142 -1 126 142
140 -1 128 129 143 -1 128 143 142 -1 129 130 144 -1 129 144 143 -1 130 131
145 -1 130 145 144 -1 131 132 146 -1 131 146 145 -1 132 133 147 -1 132 147
146 -1 133 134 148 -1 133 148 147 -1 134 135 149 -1 134 149 148 -1 135 136
150 -1 135 150 149 -1 136 136 150 -1 136 150 150 -1 136 137 151 -1 136 151
150 -1 137 138 152 -1 137 152 151 -1 138 139 153 -1 138 153 152 -1 154 0 155
156 147 157 158 159 160 -1 161 157 162 26 163 -1 163 164 165 147 166 167 0
168 169 170 171 172 -1 ]
}
}
]
}
]
}
]
}
Transform {
translation -7.494 2.181 -0.589
rotation 1.0 0.0 0.0 1.571
scale 1.092 1.0 1.0
children [
DEF SculptedSurface15 Shape {
appearance Appearance {
material USE material2_mat
}
geometry IndexedFaceSet {
solid FALSE
convex FALSE
creaseAngle 3.142
coord Coordinate {
point [ .26 0 -.59 -.54 0 -.59 -.54 .08 -.59 .26 .08 -.59 -.76 0 -.75 -.76
.08 -.75 .28 0 -.75 .28 .08 -.75 .89 0 -.49 .89 .08 -.49 1.52 0 -.49 1.52
.08 -.49 1.52 0 -.36 1.52 .08 -.36 .86 0 -.36 .86 .08 -.36 ] }
coordIndex [ 0 1 2 3 -1 1 4 5 2 -1 4 6 7 5 -1 6 8 9 7 -1 8 10 11 9 -1 10 12
13 11 -1 12 14 15 13 -1 14 0 3 15 -1 2 5 7 9 11 13 15 3 -1 12 10 8 6 4 1 0 14
-1 ]
}
}
]
}
Transform {
translation -8.39 2.798 -0.705
rotation 0.0 0.0 1.0 1.571
scale 0.681 0.681 0.681
children [
USE Group6
]
}
Transform {
translation -1.747 3.933 -0.741
rotation 0.0 0.0 -1.0 1.571
scale 0.681 0.681 0.681
children [
USE Group6
]
}
Transform {
translation -3.633 4.335 -0.58
rotation 0.0 0.0 1.0 0.436
scale 0.175 0.175 0.175
children [
DEF Revolution16 Shape {
appearance Appearance {
material USE material2_mat
}
geometry IndexedFaceSet {
solid FALSE
convex FALSE
creaseAngle 3.142
coord Coordinate {
point [ .86 -.4 0 .79 -.4 -.35 .79 -.26 -.35 .86 -.26 0 .89 -.15 -.39 .97
-.15 0 .89 -.01 -.39 .97 -.01 0 .82 .15 -.37 .9 .15 0 .35 .37 -.15 .38 .37
0 .25 .37 -.28 .12 .37 -.36 -.04 .37 -.38 -.19 .37 -.33 -.31 .37 -.22 -.37
.37 -.08 -.37 .37 .08 -.31 .37 .22 -.19 .37 .33 -.04 .37 .38 .12 .37 .36 .25
.37 .28 .35 .37 .15 .58 -.4 -.64 .58 -.26 -.64 .65 -.15 -.72 .65 -.01 -.72
.6 .15 -.67 .27 -.4 -.82 .27 -.26 -.82 .3 -.15 -.92 .3 -.01 -.92 .28 .15 -.86
-.09 -.4 -.86 -.09 -.26 -.86 -.1 -.15 -.97 -.1 -.01 -.97 -.09 .15 -.89 -.43
-.4 -.75 -.43 -.26 -.75 -.49 -.15 -.84 -.49 -.01 -.84 -.45 .15 -.78 -.7 -.4
-.51 -.7 -.26 -.51 -.79 -.15 -.57 -.79 -.01 -.57 -.73 .15 -.53 -.84 -.4 -.18
-.84 -.26 -.18 -.95 -.15 -.2 -.95 -.01 -.2 -.88 .15 -.19 -.84 -.4 .18 -.84
-.26 .18 -.95 -.15 .2 -.95 -.01 .2 -.88 .15 .19 -.7 -.4 .51 -.7 -.26 .51 -.79
-.15 .57 -.79 -.01 .57 -.73 .15 .53 -.43 -.4 .75 -.43 -.26 .75 -.49 -.15 .84
-.49 -.01 .84 -.45 .15 .78 -.09 -.4 .86 -.09 -.26 .86 -.1 -.15 .97 -.1 -.01
.97 -.09 .15 .89 .27 -.4 .82 .27 -.26 .82 .3 -.15 .92 .3 -.01 .92 .28 .15
.86 .58 -.4 .64 .58 -.26 .64 .65 -.15 .72 .65 -.01 .72 .6 .15 .67 .79 -.4
.35 .79 -.26 .35 .89 -.15 .39 .89 -.01 .39 .82 .15 .37 ] }
coordIndex [ 0 1 2 3 -1 3 2 4 -1 3 4 5 -1 5 4 6 7 -1 7 6 8 -1 7 8 9 -1 9 8 10
-1 9 10 11 -1 11 10 12 13 14 15 16 17 18 19 20 21 22 23 24 -1 1 25 26 2 -1 2
26 27 -1 2 27 4 -1 4 27 28 6 -1 6 28 29 -1 6 29 8 -1 8 29 12 -1 8 12 10 -1 25
30 31 26 -1 26 31 32 -1 26 32 27 -1 27 32 33 28 -1 28 33 34 -1 28 34 29 -1 29
34 13 -1 29 13 12 -1 30 35 36 31 -1 31 36 37 -1 31 37 32 -1 32 37 38 33 -1 33
38 39 -1 33 39 34 -1 34 39 14 -1 34 14 13 -1 35 40 41 36 -1 36 41 42 -1 36 42
37 -1 37 42 43 38 -1 38 43 44 -1 38 44 39 -1 39 44 15 -1 39 15 14 -1 40 45 46
41 -1 41 46 47 -1 41 47 42 -1 42 47 48 43 -1 43 48 49 -1 43 49 44 -1 44 49 16
-1 44 16 15 -1 45 50 51 46 -1 46 51 52 -1 46 52 47 -1 47 52 53 48 -1 48 53 54
-1 48 54 49 -1 49 54 17 -1 49 17 16 -1 50 55 56 51 -1 51 56 57 52 -1 52 57 58
53 -1 53 58 59 54 -1 54 59 18 17 -1 55 60 61 56 -1 56 61 62 -1 56 62 57 -1 57
62 63 58 -1 58 63 64 -1 58 64 59 -1 59 64 19 -1 59 19 18 -1 60 65 66 61 -1 61
66 67 -1 61 67 62 -1 62 67 68 63 -1 63 68 69 -1 63 69 64 -1 64 69 20 -1 64 20
19 -1 65 70 71 66 -1 66 71 72 -1 66 72 67 -1 67 72 73 68 -1 68 73 74 -1 68 74
69 -1 69 74 21 -1 69 21 20 -1 70 75 76 71 -1 71 76 77 -1 71 77 72 -1 72 77 78
73 -1 73 78 79 -1 73 79 74 -1 74 79 22 -1 74 22 21 -1 75 80 81 76 -1 76 81 82
-1 76 82 77 -1 77 82 83 78 -1 78 83 84 -1 78 84 79 -1 79 84 23 -1 79 23 22 -1
80 85 86 81 -1 81 86 87 -1 81 87 82 -1 82 87 88 83 -1 83 88 89 -1 83 89 84 -1
84 89 24 -1 84 24 23 -1 85 0 3 86 -1 86 3 5 -1 86 5 87 -1 87 5 7 88 -1 88 7
9 -1 88 9 89 -1 89 9 11 -1 89 11 24 -1 ]
}
}
]
}
Transform {
translation -2.333 4.51 -0.196
rotation 0.0 0.0 1.0 0.611
children [
USE Cylinder17
]
}
Transform {
translation -5.739 1.499 -1.03779
rotation 1.0 0.0 0.0 1.571
children [
DEF Cylinder20 Shape {
appearance Appearance {
material USE Black_mat
}
geometry Cylinder {
height 0.500
radius 0.112
}
}
]
}
Transform {
translation -3.771 1.553 0.625
rotation 1.0 0.0 0.0 1.571
scale 0.293 0.151 0.293
children [
USE Revolution16
]
}
Transform {
translation -8.39 2.798 0.485
rotation 0.0 0.0 1.0 1.571
scale 0.681 0.681 0.681
children [
USE Group6
]
}
Transform {
translation -2.84314 5.26621 1.371
rotation 0.089 0.996 0.005 0.284
scale 1.0 1.0 0.36
children [
USE Box8
]
}
Transform {
translation -3.183 5.254 1.469
rotation -0.551 0.623 0.555 2.387
children [
USE Cylinder21
]
}
Transform {
translation -3.2485 1.46964 0.0
rotation 0.866 0.5 -0.0 3.141
children [
USE Group21
]
}
Transform {
translation -2.001 4.335 -0.025
rotation 0.0 0.0 -1.0 1.571
scale 0.423 0.423 0.423
children [
Shape {
appearance Appearance {
material USE material_mat
}
geometry IndexedFaceSet {
solid FALSE
convex FALSE
creaseAngle 0.524
coord Coordinate {
point [ 0 .49 0 .71 1.13 -.31 .77 1.13 0 .66 1.18 -.29 .72 1.18 0 .59 1.22
-.26 .64 1.22 0 .5 1.25 -.22 .55 1.25 0 .39 1.27 -.18 .43 1.27 0 .31 1.29
-.14 .34 1.29 0 .19 1.32 -.08 .2 1.32 0 .09 1.33 -.04 .1 1.33 0 0 1.34 0 .52
1.13 -.57 .48 1.18 -.54 .43 1.22 -.48 .37 1.25 -.41 .29 1.27 -.32 .23 1.29
-.25 .14 1.32 -.15 .07 1.33 -.08 .24 1.13 -.74 .22 1.18 -.69 .2 1.22 -.61
.17 1.25 -.52 .13 1.27 -.41 .1 1.29 -.32 .06 1.32 -.19 .03 1.33 -.1 -.08 1.13
-.77 -.08 1.18 -.72 -.07 1.22 -.64 -.06 1.25 -.54 -.05 1.27 -.43 -.04 1.29
-.34 -.02 1.32 -.2 -.01 1.33 -.1 -.39 1.13 -.67 -.36 1.18 -.63 -.32 1.22 -.56
-.27 1.25 -.47 -.22 1.27 -.37 -.17 1.29 -.29 -.1 1.32 -.18 -.05 1.33 -.09
-.63 1.13 -.45 -.58 1.18 -.42 -.52 1.22 -.38 -.44 1.25 -.32 -.35 1.27 -.25
-.27 1.29 -.2 -.16 1.32 -.12 -.08 1.33 -.06 -.76 1.13 -.16 -.71 1.18 -.15
-.63 1.22 -.13 -.53 1.25 -.11 -.42 1.27 -.09 -.33 1.29 -.07 -.2 1.32 -.04
-.1 1.33 -.02 -.76 1.13 .16 -.71 1.18 .15 -.63 1.22 .13 -.53 1.25 .11 -.42
1.27 .09 -.33 1.29 .07 -.2 1.32 .04 -.1 1.33 .02 -.63 1.13 .45 -.58 1.18 .42
-.52 1.22 .38 -.44 1.25 .32 -.35 1.27 .25 -.27 1.29 .2 -.16 1.32 .12 -.08
1.33 .06 -.39 1.13 .67 -.36 1.18 .63 -.32 1.22 .56 -.27 1.25 .47 -.22 1.27
.37 -.17 1.29 .29 -.1 1.32 .18 -.05 1.33 .09 -.08 1.13 .77 -.08 1.18 .72 -.07
1.22 .64 -.06 1.25 .54 -.05 1.27 .43 -.04 1.29 .34 -.02 1.32 .2 -.01 1.33
.1 .24 1.13 .74 .22 1.18 .69 .2 1.22 .61 .17 1.25 .52 .13 1.27 .41 .1 1.29
.32 .06 1.32 .19 .03 1.33 .1 .52 1.13 .57 .48 1.18 .54 .43 1.22 .48 .37 1.25
.41 .29 1.27 .32 .23 1.29 .25 .14 1.32 .15 .07 1.33 .08 .71 1.13 .31 .66 1.18
.29 .59 1.22 .26 .5 1.25 .22 .39 1.27 .18 .31 1.29 .14 .19 1.32 .08 .09 1.33
.04 ] }
coordIndex [ 0 1 2 -1 2 1 3 -1 2 3 4 -1 4 3 5 -1 4 5 6 -1 6 5 7 -1 6 7 8 -1
8 7 9 -1 8 9 10 -1 10 9 11 -1 10 11 12 -1 12 11 13 -1 12 13 14 -1 14 13 15 -1
14 15 16 -1 16 15 17 -1 0 18 1 -1 1 18 19 -1 1 19 3 -1 3 19 20 -1 3 20 5 -1
5 20 21 -1 5 21 7 -1 7 21 22 -1 7 22 9 -1 9 22 23 -1 9 23 11 -1 11 23 24 -1
11 24 13 -1 13 24 25 -1 13 25 15 -1 15 25 17 -1 0 26 18 -1 18 26 27 -1 18 27
19 -1 19 27 28 -1 19 28 20 -1 20 28 29 -1 20 29 21 -1 21 29 30 -1 21 30 22 -1
22 30 31 -1 22 31 23 -1 23 31 32 -1 23 32 24 -1 24 32 33 -1 24 33 25 -1 25 33
17 -1 0 34 26 -1 26 34 35 -1 26 35 27 -1 27 35 36 -1 27 36 28 -1 28 36 37 -1
28 37 29 -1 29 37 38 -1 29 38 30 -1 30 38 39 -1 30 39 31 -1 31 39 40 -1 31 40
32 -1 32 40 41 -1 32 41 33 -1 33 41 17 -1 0 42 34 -1 34 42 43 -1 34 43 35 -1
35 43 44 -1 35 44 36 -1 36 44 45 -1 36 45 37 -1 37 45 46 -1 37 46 38 -1 38 46
47 -1 38 47 39 -1 39 47 48 -1 39 48 40 -1 40 48 49 -1 40 49 41 -1 41 49 17 -1
0 50 42 -1 42 50 51 -1 42 51 43 -1 43 51 52 -1 43 52 44 -1 44 52 53 -1 44 53
45 -1 45 53 54 -1 45 54 46 -1 46 54 55 -1 46 55 47 -1 47 55 56 -1 47 56 48 -1
48 56 57 -1 48 57 49 -1 49 57 17 -1 0 58 50 -1 50 58 59 -1 50 59 51 -1 51 59
60 -1 51 60 52 -1 52 60 61 -1 52 61 53 -1 53 61 62 -1 53 62 54 -1 54 62 63 -1
54 63 55 -1 55 63 64 -1 55 64 56 -1 56 64 65 -1 56 65 57 -1 57 65 17 -1 0 66
58 -1 58 66 67 59 -1 59 67 68 60 -1 60 68 69 61 -1 61 69 70 62 -1 62 70 71 63
-1 63 71 72 64 -1 64 72 73 65 -1 65 73 17 -1 0 74 66 -1 66 74 75 -1 66 75 67
-1 67 75 76 -1 67 76 68 -1 68 76 77 -1 68 77 69 -1 69 77 78 -1 69 78 70 -1 70
78 79 -1 70 79 71 -1 71 79 80 -1 71 80 72 -1 72 80 81 -1 72 81 73 -1 73 81 17
-1 0 82 74 -1 74 82 83 -1 74 83 75 -1 75 83 84 -1 75 84 76 -1 76 84 85 -1 76
85 77 -1 77 85 86 -1 77 86 78 -1 78 86 87 -1 78 87 79 -1 79 87 88 -1 79 88 80
-1 80 88 89 -1 80 89 81 -1 81 89 17 -1 0 90 82 -1 82 90 91 -1 82 91 83 -1 83
91 92 -1 83 92 84 -1 84 92 93 -1 84 93 85 -1 85 93 94 -1 85 94 86 -1 86 94 95
-1 86 95 87 -1 87 95 96 -1 87 96 88 -1 88 96 97 -1 88 97 89 -1 89 97 17 -1 0
98 90 -1 90 98 99 -1 90 99 91 -1 91 99 100 -1 91 100 92 -1 92 100 101 -1 92
101 93 -1 93 101 102 -1 93 102 94 -1 94 102 103 -1 94 103 95 -1 95 103 104 -1
95 104 96 -1 96 104 105 -1 96 105 97 -1 97 105 17 -1 0 106 98 -1 98 106 107
-1 98 107 99 -1 99 107 108 -1 99 108 100 -1 100 108 109 -1 100 109 101 -1 101
109 110 -1 101 110 102 -1 102 110 111 -1 102 111 103 -1 103 111 112 -1 103 112
104 -1 104 112 113 -1 104 113 105 -1 105 113 17 -1 0 114 106 -1 106 114 115
-1 106 115 107 -1 107 115 116 -1 107 116 108 -1 108 116 117 -1 108 117 109 -1
109 117 118 -1 109 118 110 -1 110 118 119 -1 110 119 111 -1 111 119 120 -1 111
120 112 -1 112 120 121 -1 112 121 113 -1 113 121 17 -1 0 2 114 -1 114 2 4 -1
114 4 115 -1 115 4 6 -1 115 6 116 -1 116 6 8 -1 116 8 117 -1 117 8 10 -1 117
10 118 -1 118 10 12 -1 118 12 119 -1 119 12 14 -1 119 14 120 -1 120 14 16 -1
120 16 121 -1 121 16 17 -1 ]
}
}
]
}
Transform {
translation -4.349 1.13 -0.042
rotation 0.0 0.0 1.0 0.044
children [
Shape {
appearance Appearance {
material USE Black_mat
}
geometry Box {
size 1.987 0.057 1.64
}
}
]
}
Transform {
translation -2.001 4.335 -0.025
rotation 0.0 0.0 -1.0 1.571
scale 0.423 0.423 0.423
children [
Shape {
appearance Appearance {
material USE material2_mat
}
geometry IndexedFaceSet {
solid FALSE
convex FALSE
creaseAngle 0.524
coord Coordinate {
point [ 0 -.06 0 .19 -.01 -.09 .21 -.01 0 .3 .06 -.13 .33 .06 0 .46 .19 -.2
.5 .19 0 .55 .36 -.24 .6 .36 0 .64 .63 -.28 .7 .63 0 .7 .96 -.31 .77 .96 0
.72 .98 -.32 .79 .98 0 .73 1.11 -.32 .8 1.11 0 .72 1.12 -.32 .79 1.12 0 .71
1.13 -.31 .77 1.13 0 .14 -.01 -.16 .22 .06 -.24 .33 .19 -.37 .4 .36 -.44 .47
.63 -.52 .51 .96 -.57 .53 .98 -.58 .53 1.11 -.59 .53 1.12 -.59 .52 1.13 -.57
.07 -.01 -.2 .1 .06 -.31 .15 .19 -.47 .18 .36 -.57 .22 .63 -.66 .24 .96 -.73
.24 .98 -.75 .25 1.11 -.76 .24 1.12 -.75 .24 1.13 -.74 -.02 -.01 -.21 -.03
.06 -.33 -.05 .19 -.5 -.06 .36 -.59 -.07 .63 -.69 -.08 .96 -.76 -.08 .98 -.78
-.08 1.11 -.79 -.08 1.12 -.79 -.08 1.13 -.77 -.11 -.01 -.18 -.16 .06 -.28
-.25 .19 -.43 -.3 .36 -.52 -.35 .63 -.6 -.38 .96 -.66 -.39 .98 -.68 -.4 1.11
-.69 -.39 1.12 -.68 -.39 1.13 -.67 -.17 -.01 -.13 -.27 .06 -.19 -.4 .19 -.29
-.48 .36 -.35 -.56 .63 -.41 -.62 .96 -.45 -.64 .98 -.46 -.65 1.11 -.47 -.64
1.12 -.46 -.63 1.13 -.45 -.21 -.01 -.04 -.32 .06 -.07 -.49 .19 -.1 -.58 .36
-.12 -.68 .63 -.14 -.75 .96 -.16 -.77 .98 -.16 -.78 1.11 -.17 -.77 1.12 -.16
-.76 1.13 -.16 -.21 -.01 .04 -.32 .06 .07 -.49 .19 .1 -.58 .36 .12 -.68 .63
.14 -.75 .96 .16 -.77 .98 .16 -.78 1.11 .17 -.77 1.12 .16 -.76 1.13 .16 -.63
1.13 .45 -.39 1.13 .67 -.08 1.13 .77 .24 1.13 .74 .52 1.13 .57 .71 1.13 .31
-.73 1.13 .16 -.73 1.13 -.16 -.61 1.13 -.44 -.38 1.13 -.65 -.08 1.13 -.75
.23 1.13 -.71 .5 1.13 -.56 .69 1.13 -.31 .75 1.13 0 .69 1.13 .31 .5 1.13 .56
.23 1.13 .71 -.08 1.13 .75 -.38 1.13 .65 -.61 1.13 .44 -.17 -.01 .13 -.27
.06 .19 -.4 .19 .29 -.48 .36 .35 -.56 .63 .41 -.62 .96 .45 -.64 .98 .46 -.65
1.11 .47 -.64 1.12 .46 -.11 -.01 .18 -.16 .06 .28 -.25 .19 .43 -.3 .36 .52
-.35 .63 .6 -.38 .96 .66 -.39 .98 .68 -.4 1.11 .69 -.39 1.12 .68 -.02 -.01
.21 -.03 .06 .33 -.05 .19 .5 -.06 .36 .59 -.07 .63 .69 -.08 .96 .76 -.08 .98
.78 -.08 1.11 .79 -.08 1.12 .79 .07 -.01 .2 .1 .06 .31 .15 .19 .47 .18 .36
.57 .22 .63 .66 .24 .96 .73 .24 .98 .75 .25 1.11 .76 .24 1.12 .75 .14 -.01
.16 .22 .06 .24 .33 .19 .37 .4 .36 .44 .47 .63 .52 .51 .96 .57 .53 .98 .58
.53 1.11 .59 .53 1.12 .59 .19 -.01 .09 .3 .06 .13 .46 .19 .2 .55 .36 .24 .64
.63 .28 .7 .96 .31 .72 .98 .32 .73 1.11 .32 .72 1.12 .32 ] }
coordIndex [ 0 1 2 -1 2 1 3 -1 2 3 4 -1 4 3 5 -1 4 5 6 -1 6 5 7 -1 6 7 8 -1
8 7 9 -1 8 9 10 -1 10 9 11 -1 10 11 12 -1 12 11 13 -1 12 13 14 -1 14 13 15 -1
14 15 16 -1 16 15 17 -1 16 17 18 -1 18 17 19 -1 18 19 20 -1 0 21 1 -1 1 21 22
-1 1 22 3 -1 3 22 23 -1 3 23 5 -1 5 23 24 -1 5 24 7 -1 7 24 25 -1 7 25 9 -1
9 25 26 -1 9 26 11 -1 11 26 27 -1 11 27 13 -1 13 27 28 -1 13 28 15 -1 15 28
29 -1 15 29 17 -1 17 29 30 -1 17 30 19 -1 0 31 21 -1 21 31 32 -1 21 32 22 -1
22 32 33 -1 22 33 23 -1 23 33 34 -1 23 34 24 -1 24 34 35 -1 24 35 25 -1 25 35
36 -1 25 36 26 -1 26 36 37 -1 26 37 27 -1 27 37 38 28 -1 28 38 39 -1 28 39 29
-1 29 39 40 -1 29 40 30 -1 0 41 31 -1 31 41 42 -1 31 42 32 -1 32 42 43 -1 32
43 33 -1 33 43 44 -1 33 44 34 -1 34 44 45 -1 34 45 35 -1 35 45 46 -1 35 46 36
-1 36 46 47 -1 36 47 37 -1 37 47 48 -1 37 48 38 -1 38 48 49 -1 38 49 39 -1 39
49 50 -1 39 50 40 -1 0 51 41 -1 41 51 52 -1 41 52 42 -1 42 52 53 -1 42 53 43
-1 43 53 54 -1 43 54 44 -1 44 54 55 -1 44 55 45 -1 45 55 56 -1 45 56 46 -1 46
56 57 -1 46 57 47 -1 47 57 58 -1 47 58 48 -1 48 58 59 -1 48 59 49 -1 49 59 60
-1 49 60 50 -1 0 61 51 -1 51 61 62 -1 51 62 52 -1 52 62 63 -1 52 63 53 -1 53
63 64 -1 53 64 54 -1 54 64 65 -1 54 65 55 -1 55 65 66 -1 55 66 56 -1 56 66 67
-1 56 67 57 -1 57 67 68 -1 57 68 58 -1 58 68 69 -1 58 69 59 -1 59 69 70 -1 59
70 60 -1 0 71 61 -1 61 71 72 -1 61 72 62 -1 62 72 73 -1 62 73 63 -1 63 73 74
64 -1 64 74 75 -1 64 75 65 -1 65 75 76 -1 65 76 66 -1 66 76 77 -1 66 77 67 -1
67 77 78 -1 67 78 68 -1 68 78 79 -1 68 79 69 -1 69 79 80 -1 69 80 70 -1 0 81
71 -1 71 81 82 72 -1 72 82 83 73 -1 73 83 84 74 -1 74 84 85 75 -1 75 85 86 76
-1 76 86 87 77 -1 77 87 88 78 -1 78 88 89 79 -1 79 89 90 80 -1 80 90 91 92 93
94 95 96 20 19 30 40 50 60 70 80 97 98 99 100 101 102 103 104 105 106 107 108
109 110 111 97 -1 0 112 81 -1 81 112 113 -1 81 113 82 -1 82 113 114 -1 82 114
83 -1 83 114 115 84 -1 84 115 116 -1 84 116 85 -1 85 116 117 -1 85 117 86 -1
86 117 118 -1 86 118 87 -1 87 118 119 -1 87 119 88 -1 88 119 120 -1 88 120 89
-1 89 120 91 -1 89 91 90 -1 0 121 112 -1 112 121 122 -1 112 122 113 -1 113 122
123 -1 113 123 114 -1 114 123 124 -1 114 124 115 -1 115 124 125 -1 115 125 116
-1 116 125 126 -1 116 126 117 -1 117 126 127 -1 117 127 118 -1 118 127 128 -1
118 128 119 -1 119 128 129 -1 119 129 120 -1 120 129 92 -1 120 92 91 -1 0 130
121 -1 121 130 131 -1 121 131 122 -1 122 131 132 -1 122 132 123 -1 123 132 133
-1 123 133 124 -1 124 133 134 -1 124 134 125 -1 125 134 135 -1 125 135 126 -1
126 135 136 -1 126 136 127 -1 127 136 137 -1 127 137 128 -1 128 137 138 -1 128
138 129 -1 129 138 93 -1 129 93 92 -1 0 139 130 -1 130 139 140 -1 130 140 131
-1 131 140 141 -1 131 141 132 -1 132 141 142 -1 132 142 133 -1 133 142 143 -1
133 143 134 -1 134 143 144 -1 134 144 135 -1 135 144 145 -1 135 145 136 -1 136
145 146 -1 136 146 137 -1 137 146 147 -1 137 147 138 -1 138 147 94 -1 138 94
93 -1 0 148 139 -1 139 148 149 -1 139 149 140 -1 140 149 150 -1 140 150 141
-1 141 150 151 -1 141 151 142 -1 142 151 152 -1 142 152 143 -1 143 152 153 -1
143 153 144 -1 144 153 154 -1 144 154 145 -1 145 154 155 146 -1 146 155 156
-1 146 156 147 -1 147 156 95 -1 147 95 94 -1 0 157 148 -1 148 157 158 -1 148
158 149 -1 149 158 159 -1 149 159 150 -1 150 159 160 -1 150 160 151 -1 151 160
161 -1 151 161 152 -1 152 161 162 -1 152 162 153 -1 153 162 163 -1 153 163 154
-1 154 163 164 -1 154 164 155 -1 155 164 165 -1 155 165 156 -1 156 165 96 -1
156 96 95 -1 0 2 157 -1 157 2 4 -1 157 4 158 -1 158 4 6 -1 158 6 159 -1 159
6 8 -1 159 8 160 -1 160 8 10 -1 160 10 161 -1 161 10 12 -1 161 12 162 -1 162
12 14 -1 162 14 163 -1 163 14 16 -1 163 16 164 -1 164 16 18 -1 164 18 165 -1
165 18 20 -1 165 20 96 -1 ]
}
}
]
}
Transform {
translation -1.931 3.72 -1.715
rotation -0.804 -0.159 -0.572 0.375
scale 0.16371 0.16848 0.18466
children [
Shape {
appearance Appearance {
material USE White_mat
}
geometry IndexedFaceSet {
solid FALSE
convex FALSE
creaseAngle 3.142
coord Coordinate {
point [ -22.29 -21.66 -.21 -22.24 -21.84 -.17 -20.36 -21.63 -.62 -20.46 -21.23
-.7 -22.2 -22 .01 -20.27 -21.96 -.22 -22.19 -22.04 .19 -20.24 -22.05 .15 -22.2
-21.99 .44 -20.27 -21.95 .71 -22.25 -21.81 .56 -20.37 -21.56 .96 -22.29 -21.66
.61 -20.46 -21.23 1.08 -22.34 -21.48 .55 -20.57 -20.84 .95 -22.38 -21.35 .48
-20.64 -20.55 .8 -22.39 -21.28 .34 -20.68 -20.4 .48 -22.4 -21.27 .18 -20.69
-20.39 .13 -22.39 -21.29 .03 -20.68 -20.43 -.17 -22.37 -21.38 -.11 -20.62
-20.64 -.49 -22.33 -21.51 -.17 -20.55 -20.9 -.62 -9.44 -18.81 -.76 -9.55 -18.41
-.84 -9.36 -19.14 -.35 -9.33 -19.23 .02 -9.36 -19.12 .57 -9.46 -18.74 .82
-9.55 -18.41 .94 -9.66 -18.02 .81 -9.73 -17.73 .66 -9.77 -17.58 .34 -9.78
-17.57 -.01 -9.77 -17.6 -.31 -9.71 -17.82 -.63 -9.64 -18.08 -.76 -8.44 -18.21
-.33 -8.54 -18.04 -.37 -8.37 -18.35 -.14 -8.34 -18.39 .03 -8.37 -18.34 .28
-8.46 -18.18 .4 -8.54 -18.04 .46 -8.63 -17.88 .4 -8.7 -17.76 .33 -8.74 -17.7
.18 -8.74 -17.69 .02 -8.73 -17.71 -.12 -8.68 -17.8 -.27 -8.62 -17.91 -.33
-4.57 -17.18 -.23 -4.67 -17.01 -.27 -4.49 -17.31 -.04 -4.47 -17.35 .13 -4.5
-17.31 .38 -4.59 -17.15 .5 -4.67 -17.01 .56 -4.76 -16.85 .5 -4.83 -16.73 .42
-4.86 -16.67 .28 -4.87 -16.66 .12 -4.86 -16.68 -.02 -4.81 -16.77 -.17 -4.75
-16.87 -.23 -3.7 -16.54 -.12 -3.83 -16.4 -.16 -3.59 -16.65 .07 -3.56 -16.68
.24 -3.59 -16.64 .49 -3.72 -16.51 .61 -3.83 -16.4 .67 -3.97 -16.27 .61 -4.06
-16.17 .53 -4.11 -16.12 .39 -4.12 -16.12 .23 -4.11 -16.13 .09 -4.03 -16.2
-.06 -3.95 -16.29 -.12 -3.24 -15.63 .1 -3.37 -15.5 .07 -3.13 -15.74 .29 -3.1
-15.77 .46 -3.13 -15.74 .72 -3.26 -15.61 .84 -3.37 -15.49 .89 -3.51 -15.36
.83 -3.6 -15.27 .76 -3.65 -15.21 .61 -3.66 -15.21 .45 -3.65 -15.22 .31 -3.57
-15.29 .16 -3.49 -15.38 .1 -2.97 -13.31 .89 -3.12 -13.18 .85 -2.85 -13.41
1.07 -2.82 -13.44 1.24 -2.86 -13.4 1.5 -3 -13.29 1.62 -3.12 -13.18 1.67 -3.26
-13.06 1.61 -3.37 -12.98 1.54 -3.42 -12.93 1.39 -3.43 -12.92 1.23 -3.41 -12.94
1.09 -3.33 -13 .95 -3.24 -13.08 .89 -2.62 -11.67 2.22 -2.8 -11.6 2.19 -2.47
-11.72 2.41 -2.43 -11.74 2.58 -2.48 -11.72 2.84 -2.65 -11.65 2.96 -2.8 -11.6
3.01 -2.98 -11.54 2.95 -3.11 -11.49 2.88 -3.17 -11.46 2.73 -3.18 -11.46 2.57
-3.16 -11.47 2.43 -3.07 -11.5 2.28 -2.95 -11.55 2.22 -2.64 -10.29 4 -2.83
-10.29 3.96 -2.48 -10.29 4.19 -2.44 -10.29 4.36 -2.49 -10.29 4.61 -2.67 -10.29
4.73 -2.83 -10.29 4.79 -3.02 -10.29 4.73 -3.16 -10.29 4.65 -3.23 -10.29 4.51
-3.24 -10.29 4.35 -3.22 -10.29 4.21 -3.11 -10.29 4.06 -2.99 -10.29 4 ] }
coordIndex [ 0 1 2 3 -1 1 4 5 2 -1 4 6 7 5 -1 6 8 9 7 -1 8 10 11 9 -1 10 12
13 11 -1 12 14 15 13 -1 14 16 17 15 -1 16 18 19 17 -1 18 20 21 19 -1 20 22 23
21 -1 22 24 25 23 -1 24 26 27 25 -1 26 0 3 27 -1 3 2 28 29 -1 2 5 30 28 -1 5
7 31 30 -1 7 9 32 31 -1 9 11 33 32 -1 11 13 34 33 -1 13 15 35 34 -1 15 17 36
35 -1 17 19 37 36 -1 19 21 38 37 -1 21 23 39 38 -1 23 25 40 39 -1 25 27 41 40
-1 27 3 29 41 -1 29 28 42 -1 29 42 43 -1 28 30 44 -1 28 44 42 -1 30 31 45 -1
30 45 44 -1 31 32 46 -1 31 46 45 -1 32 33 47 -1 32 47 46 -1 33 34 48 -1 33 48
47 -1 34 35 49 -1 34 49 48 -1 35 36 50 -1 35 50 49 -1 36 37 51 -1 36 51 50 -1
37 38 52 -1 37 52 51 -1 38 39 53 -1 38 53 52 -1 39 40 54 -1 39 54 53 -1 40 41
55 -1 40 55 54 -1 41 29 43 -1 41 43 55 -1 43 42 56 57 -1 42 44 58 56 -1 44 45
59 58 -1 45 46 60 59 -1 46 47 61 60 -1 47 48 62 61 -1 48 49 63 62 -1 49 50 64
63 -1 50 51 65 64 -1 51 52 66 65 -1 52 53 67 66 -1 53 54 68 67 -1 54 55 69 68
-1 55 43 57 69 -1 57 56 70 -1 57 70 71 -1 56 58 72 -1 56 72 70 -1 58 59 73 -1
58 73 72 -1 59 60 74 -1 59 74 73 -1 60 61 75 -1 60 75 74 -1 61 62 76 -1 61 76
75 -1 62 63 77 -1 62 77 76 -1 63 64 78 -1 63 78 77 -1 64 65 79 -1 64 79 78 -1
65 66 80 -1 65 80 79 -1 66 67 81 -1 66 81 80 -1 67 68 82 -1 67 82 81 -1 68 69
83 -1 68 83 82 -1 69 57 71 -1 69 71 83 -1 71 70 84 85 -1 70 72 86 84 -1 72 73
87 86 -1 73 74 88 87 -1 74 75 89 88 -1 75 76 90 89 -1 76 77 91 90 -1 77 78 92
91 -1 78 79 93 92 -1 79 80 94 93 -1 80 81 95 94 -1 81 82 96 95 -1 82 83 97 96
-1 83 71 85 97 -1 85 84 98 -1 85 98 99 -1 84 86 100 -1 84 100 98 -1 86 87 101
-1 86 101 100 -1 87 88 102 -1 87 102 101 -1 88 89 103 -1 88 103 102 -1 89 90
104 -1 89 104 103 -1 90 91 105 -1 90 105 104 -1 91 92 106 -1 91 106 105 -1 92
93 107 -1 92 107 106 -1 93 94 108 -1 93 108 107 -1 94 95 109 -1 94 109 108 -1
95 96 110 -1 95 110 109 -1 96 97 111 -1 96 111 110 -1 97 85 99 -1 97 99 111
-1 99 98 112 -1 99 112 113 -1 98 100 114 -1 98 114 112 -1 100 101 115 -1 100
115 114 -1 101 102 116 -1 101 116 115 -1 102 103 117 -1 102 117 116 -1 103 104
118 -1 103 118 117 -1 104 105 119 -1 104 119 118 -1 105 106 120 -1 105 120 119
-1 106 107 121 -1 106 121 120 -1 107 108 122 -1 107 122 121 -1 108 109 123 -1
108 123 122 -1 109 110 124 -1 109 124 123 -1 110 111 125 -1 110 125 124 -1 111
99 113 -1 111 113 125 -1 113 112 126 -1 113 126 127 -1 112 114 128 -1 112 128
126 -1 114 115 129 -1 114 129 128 -1 115 116 130 -1 115 130 129 -1 116 117 131
-1 116 131 130 -1 117 118 132 -1 117 132 131 -1 118 119 133 -1 118 133 132 -1
119 120 134 -1 119 134 133 -1 120 121 135 -1 120 135 134 -1 121 122 136 -1 121
136 135 -1 122 123 137 -1 122 137 136 -1 123 124 138 -1 123 138 137 -1 124 125
139 -1 124 139 138 -1 125 113 127 -1 125 127 139 -1 127 126 128 129 130 131
132 133 134 135 136 137 138 139 -1 26 24 22 20 18 16 14 12 10 8 6 4 1 0 -1
]
}
}
]
}
Transform {
translation -1.931 3.72 0.097
rotation -0.804 -0.159 -0.572 0.375
scale 0.16371 0.16848 0.18466
children [
Shape {
appearance Appearance {
material USE White_mat
}
geometry IndexedFaceSet {
solid FALSE
convex FALSE
creaseAngle 3.142
coord Coordinate {
point [ -22.29 -21.66 -.21 -22.24 -21.84 -.17 -20.36 -21.63 -.62 -20.46 -21.23
-.7 -22.2 -22 .01 -20.27 -21.96 -.22 -22.19 -22.04 .19 -20.24 -22.05 .15 -22.2
-21.99 .44 -20.27 -21.95 .71 -22.25 -21.81 .56 -20.37 -21.56 .96 -22.29 -21.66
.61 -20.46 -21.23 1.08 -22.34 -21.48 .55 -20.57 -20.84 .95 -22.38 -21.35 .48
-20.64 -20.55 .8 -22.39 -21.28 .34 -20.68 -20.4 .48 -22.4 -21.27 .18 -20.69
-20.39 .13 -22.39 -21.29 .03 -20.68 -20.43 -.17 -22.37 -21.38 -.11 -20.62
-20.64 -.49 -22.33 -21.51 -.17 -20.55 -20.9 -.62 -9.44 -18.81 -.76 -9.55 -18.41
-.84 -9.36 -19.14 -.35 -9.33 -19.23 .02 -9.36 -19.12 .57 -9.46 -18.74 .82
-9.55 -18.41 .94 -9.66 -18.02 .81 -9.73 -17.73 .66 -9.77 -17.58 .34 -9.78
-17.57 -.01 -9.77 -17.6 -.31 -9.71 -17.82 -.63 -9.64 -18.08 -.76 -8.44 -18.21
-.33 -8.54 -18.04 -.37 -8.37 -18.35 -.14 -8.34 -18.39 .03 -8.37 -18.34 .28
-8.46 -18.18 .4 -8.54 -18.04 .46 -8.63 -17.88 .4 -8.7 -17.76 .33 -8.74 -17.7
.18 -8.74 -17.69 .02 -8.73 -17.71 -.12 -8.68 -17.8 -.27 -8.62 -17.91 -.33
-4.57 -17.18 -.23 -4.67 -17.01 -.27 -4.49 -17.31 -.04 -4.47 -17.35 .13 -4.5
-17.31 .38 -4.59 -17.15 .5 -4.67 -17.01 .56 -4.76 -16.85 .5 -4.83 -16.73 .42
-4.86 -16.67 .28 -4.87 -16.66 .12 -4.86 -16.68 -.02 -4.81 -16.77 -.17 -4.75
-16.87 -.23 -3.7 -16.54 -.12 -3.83 -16.4 -.16 -3.59 -16.65 .07 -3.56 -16.68
.24 -3.59 -16.64 .49 -3.72 -16.51 .61 -3.83 -16.4 .67 -3.97 -16.27 .61 -4.06
-16.17 .53 -4.11 -16.12 .39 -4.12 -16.12 .23 -4.11 -16.13 .09 -4.03 -16.2
-.06 -3.95 -16.29 -.12 -3.24 -15.63 .1 -3.37 -15.5 .07 -3.13 -15.74 .29 -3.1
-15.77 .46 -3.13 -15.74 .72 -3.26 -15.61 .84 -3.37 -15.49 .89 -3.51 -15.36
.83 -3.6 -15.27 .76 -3.65 -15.21 .61 -3.66 -15.21 .45 -3.65 -15.22 .31 -3.57
-15.29 .16 -3.49 -15.38 .1 -3 -13.23 .58 -3.14 -13.11 .55 -2.88 -13.33 .77
-2.84 -13.36 .94 -2.88 -13.33 1.2 -3.02 -13.21 1.32 -3.14 -13.11 1.37 -3.29
-12.99 1.31 -3.39 -12.9 1.24 -3.45 -12.85 1.09 -3.45 -12.85 .93 -3.44 -12.86
.79 -3.36 -12.93 .64 -3.27 -13.01 .58 -2.78 -11.2 .6 -2.96 -11.14 .57 -2.63
-11.26 .79 -2.59 -11.27 .96 -2.64 -11.25 1.22 -2.81 -11.19 1.34 -2.96 -11.14
1.39 -3.13 -11.07 1.33 -3.26 -11.03 1.26 -3.33 -11 1.11 -3.34 -11 .95 -3.32
-11.01 .81 -3.22 -11.04 .66 -3.11 -11.08 .6 -3.09 -8.81 -.42 -3.28 -8.81 -.46
-2.93 -8.81 -.24 -2.89 -8.81 -.07 -2.94 -8.81 .19 -3.12 -8.81 .31 -3.28 -8.81
.36 -3.47 -8.81 .3 -3.6 -8.81 .23 -3.68 -8.81 .08 -3.68 -8.81 -.08 -3.67 -8.81
-.22 -3.56 -8.81 -.36 -3.44 -8.81 -.42 ] }
coordIndex [ 0 1 2 3 -1 1 4 5 2 -1 4 6 7 5 -1 6 8 9 7 -1 8 10 11 9 -1 10 12
13 11 -1 12 14 15 13 -1 14 16 17 15 -1 16 18 19 17 -1 18 20 21 19 -1 20 22 23
21 -1 22 24 25 23 -1 24 26 27 25 -1 26 0 3 27 -1 3 2 28 29 -1 2 5 30 28 -1 5
7 31 30 -1 7 9 32 31 -1 9 11 33 32 -1 11 13 34 33 -1 13 15 35 34 -1 15 17 36
35 -1 17 19 37 36 -1 19 21 38 37 -1 21 23 39 38 -1 23 25 40 39 -1 25 27 41 40
-1 27 3 29 41 -1 29 28 42 -1 29 42 43 -1 28 30 44 -1 28 44 42 -1 30 31 45 -1
30 45 44 -1 31 32 46 -1 31 46 45 -1 32 33 47 -1 32 47 46 -1 33 34 48 -1 33 48
47 -1 34 35 49 -1 34 49 48 -1 35 36 50 -1 35 50 49 -1 36 37 51 -1 36 51 50 -1
37 38 52 -1 37 52 51 -1 38 39 53 -1 38 53 52 -1 39 40 54 -1 39 54 53 -1 40 41
55 -1 40 55 54 -1 41 29 43 -1 41 43 55 -1 43 42 56 57 -1 42 44 58 56 -1 44 45
59 58 -1 45 46 60 59 -1 46 47 61 60 -1 47 48 62 61 -1 48 49 63 62 -1 49 50 64
63 -1 50 51 65 64 -1 51 52 66 65 -1 52 53 67 66 -1 53 54 68 67 -1 54 55 69 68
-1 55 43 57 69 -1 57 56 70 -1 57 70 71 -1 56 58 72 -1 56 72 70 -1 58 59 73 -1
58 73 72 -1 59 60 74 -1 59 74 73 -1 60 61 75 -1 60 75 74 -1 61 62 76 -1 61 76
75 -1 62 63 77 -1 62 77 76 -1 63 64 78 -1 63 78 77 -1 64 65 79 -1 64 79 78 -1
65 66 80 -1 65 80 79 -1 66 67 81 -1 66 81 80 -1 67 68 82 -1 67 82 81 -1 68 69
83 -1 68 83 82 -1 69 57 71 -1 69 71 83 -1 71 70 84 85 -1 70 72 86 84 -1 72 73
87 86 -1 73 74 88 87 -1 74 75 89 88 -1 75 76 90 89 -1 76 77 91 90 -1 77 78 92
91 -1 78 79 93 92 -1 79 80 94 93 -1 80 81 95 94 -1 81 82 96 95 -1 82 83 97 96
-1 83 71 85 97 -1 85 84 98 -1 85 98 99 -1 84 86 100 -1 84 100 98 -1 86 87 101
-1 86 101 100 -1 87 88 102 -1 87 102 101 -1 88 89 103 -1 88 103 102 -1 89 90
104 -1 89 104 103 -1 90 91 105 -1 90 105 104 -1 91 92 106 -1 91 106 105 -1 92
93 107 -1 92 107 106 -1 93 94 108 -1 93 108 107 -1 94 95 109 -1 94 109 108 -1
95 96 110 -1 95 110 109 -1 96 97 111 -1 96 111 110 -1 97 85 99 -1 97 99 111
-1 99 98 112 -1 99 112 113 -1 98 100 114 -1 98 114 112 -1 100 101 115 -1 100
115 114 -1 101 102 116 -1 101 116 115 -1 102 103 117 -1 102 117 116 -1 103 104
118 -1 103 118 117 -1 104 105 119 -1 104 119 118 -1 105 106 120 -1 105 120 119
-1 106 107 121 -1 106 121 120 -1 107 108 122 -1 107 122 121 -1 108 109 123 -1
108 123 122 -1 109 110 124 -1 109 124 123 -1 110 111 125 -1 110 125 124 -1 111
99 113 -1 111 113 125 -1 113 112 126 -1 113 126 127 -1 112 114 128 -1 112 128
126 -1 114 115 129 -1 114 129 128 -1 115 116 130 -1 115 130 129 -1 116 117 131
-1 116 131 130 -1 117 118 132 -1 117 132 131 -1 118 119 133 -1 118 133 132 -1
119 120 134 -1 119 134 133 -1 120 121 135 -1 120 135 134 -1 121 122 136 -1 121
136 135 -1 122 123 137 -1 122 137 136 -1 123 124 138 -1 123 138 137 -1 124 125
139 -1 124 139 138 -1 125 113 127 -1 125 127 139 -1 127 126 128 129 130 131
132 133 134 135 136 137 138 139 -1 26 24 22 20 18 16 14 12 10 8 6 4 1 0 -1
]
}
}
]
}
Transform {
translation -3.625 4.335 0.546
rotation 0.0 0.0 1.0 0.436
scale 0.175 0.175 0.175
children [
USE Revolution16
]
}
Transform {
translation -7.494 2.181 0.301
rotation 1.0 0.0 0.0 1.571
scale 1.092 1.0 1.0
children [
USE SculptedSurface15
]
}
Transform {
translation -5.363 2.025 -0.058
rotation 0.0 0.0 1.0 0.218
children [
Shape {
appearance Appearance {
material USE Black_mat
}
geometry Box {
size 0.614 1.714 0.877
}
}
]
}
Transform {
translation -4.67 3.721 0.014
rotation -0.804 -0.159 -0.572 0.375
scale 0.16371 0.16848 0.18466
children [
Shape {
appearance Appearance {
material USE White_mat
}
geometry IndexedFaceSet {
solid FALSE
convex FALSE
creaseAngle 3.142
coord Coordinate {
point [ -22.29 -21.66 -.21 -22.24 -21.84 -.17 -20.36 -21.63 -.62 -20.46 -21.23
-.7 -22.2 -22 .01 -20.27 -21.96 -.22 -22.19 -22.04 .19 -20.24 -22.05 .15 -22.2
-21.99 .44 -20.27 -21.95 .71 -22.25 -21.81 .56 -20.37 -21.56 .96 -22.29 -21.66
.61 -20.46 -21.23 1.08 -22.34 -21.48 .55 -20.57 -20.84 .95 -22.38 -21.35 .48
-20.64 -20.55 .8 -22.39 -21.28 .34 -20.68 -20.4 .48 -22.4 -21.27 .18 -20.69
-20.39 .13 -22.39 -21.29 .03 -20.68 -20.43 -.17 -22.37 -21.38 -.11 -20.62
-20.64 -.49 -22.33 -21.51 -.17 -20.55 -20.9 -.62 -9.44 -18.81 -.76 -9.55 -18.41
-.84 -9.36 -19.14 -.35 -9.33 -19.23 .02 -9.36 -19.12 .57 -9.46 -18.74 .82
-9.55 -18.41 .94 -9.66 -18.02 .81 -9.73 -17.73 .66 -9.77 -17.58 .34 -9.78
-17.57 -.01 -9.77 -17.6 -.31 -9.71 -17.82 -.63 -9.64 -18.08 -.76 -8.44 -18.21
-.33 -8.54 -18.04 -.37 -8.37 -18.35 -.14 -8.34 -18.39 .03 -8.37 -18.34 .28
-8.46 -18.18 .4 -8.54 -18.04 .46 -8.63 -17.88 .4 -8.7 -17.76 .33 -8.74 -17.7
.18 -8.74 -17.69 .02 -8.73 -17.71 -.12 -8.68 -17.8 -.27 -8.62 -17.91 -.33
-4.57 -17.18 -.23 -4.67 -17.01 -.27 -4.49 -17.31 -.04 -4.47 -17.35 .13 -4.5
-17.31 .38 -4.59 -17.15 .5 -4.67 -17.01 .56 -4.76 -16.85 .5 -4.83 -16.73 .42
-4.86 -16.67 .28 -4.87 -16.66 .12 -4.86 -16.68 -.02 -4.81 -16.77 -.17 -4.75
-16.87 -.23 -2.37 -16.1 -.1 -2.5 -15.97 -.14 -2.26 -16.22 .09 -2.23 -16.25
.26 -2.26 -16.21 .51 -2.39 -16.08 .63 -2.51 -15.97 .69 -2.64 -15.84 .63 -2.73
-15.74 .55 -2.78 -15.69 .41 -2.79 -15.68 .25 -2.78 -15.7 .11 -2.71 -15.77
-.04 -2.62 -15.86 -.1 -.86 -14.81 .13 -1.01 -14.68 .09 -.74 -14.91 .32 -.7
-14.94 .49 -.74 -14.9 .75 -.88 -14.79 .86 -1.01 -14.68 .92 -1.15 -14.56 .86
-1.25 -14.48 .79 -1.31 -14.43 .64 -1.32 -14.42 .48 -1.3 -14.44 .34 -1.22 -14.5
.19 -1.13 -14.58 .13 -.27 -12.88 -.07 -.44 -12.81 -.11 -.12 -12.93 .12 -.07
-12.95 .29 -.12 -12.93 .54 -.3 -12.87 .66 -.45 -12.81 .72 -.62 -12.75 .66
-.75 -12.7 .59 -.82 -12.68 .44 -.82 -12.68 .28 -.81 -12.68 .14 -.71 -12.72
-.01 -.59 -12.76 -.07 .2 -10.42 -.98 .01 -10.42 -1.02 .36 -10.42 -.8 .41 -10.42
-.62 .35 -10.42 -.37 .17 -10.42 -.25 .01 -10.42 -.2 -.18 -10.42 -.26 -.31
-10.42 -.33 -.38 -10.42 -.47 -.39 -10.42 -.63 -.37 -10.42 -.78 -.27 -10.42
-.92 -.15 -10.42 -.98 .29 -8 -2.18 .1 -8 -2.22 .45 -8 -1.99 .49 -8 -1.82 .44
-8 -1.57 .25 -8 -1.45 .09 -8 -1.39 -.09 -8 -1.45 -.23 -8 -1.53 -.3 -8 -1.67
-.31 -8 -1.83 -.29 -8 -1.97 -.19 -8 -2.12 -.06 -8 -2.18 ] }
coordIndex [ 0 1 2 3 -1 1 4 5 2 -1 4 6 7 5 -1 6 8 9 7 -1 8 10 11 9 -1 10 12
13 11 -1 12 14 15 13 -1 14 16 17 15 -1 16 18 19 17 -1 18 20 21 19 -1 20 22 23
21 -1 22 24 25 23 -1 24 26 27 25 -1 26 0 3 27 -1 3 2 28 29 -1 2 5 30 28 -1 5
7 31 30 -1 7 9 32 31 -1 9 11 33 32 -1 11 13 34 33 -1 13 15 35 34 -1 15 17 36
35 -1 17 19 37 36 -1 19 21 38 37 -1 21 23 39 38 -1 23 25 40 39 -1 25 27 41 40
-1 27 3 29 41 -1 29 28 42 -1 29 42 43 -1 28 30 44 -1 28 44 42 -1 30 31 45 -1
30 45 44 -1 31 32 46 -1 31 46 45 -1 32 33 47 -1 32 47 46 -1 33 34 48 -1 33 48
47 -1 34 35 49 -1 34 49 48 -1 35 36 50 -1 35 50 49 -1 36 37 51 -1 36 51 50 -1
37 38 52 -1 37 52 51 -1 38 39 53 -1 38 53 52 -1 39 40 54 -1 39 54 53 -1 40 41
55 -1 40 55 54 -1 41 29 43 -1 41 43 55 -1 43 42 56 57 -1 42 44 58 56 -1 44 45
59 58 -1 45 46 60 59 -1 46 47 61 60 -1 47 48 62 61 -1 48 49 63 62 -1 49 50 64
63 -1 50 51 65 64 -1 51 52 66 65 -1 52 53 67 66 -1 53 54 68 67 -1 54 55 69 68
-1 55 43 57 69 -1 57 56 70 -1 57 70 71 -1 56 58 72 -1 56 72 70 -1 58 59 73 -1
58 73 72 -1 59 60 74 -1 59 74 73 -1 60 61 75 -1 60 75 74 -1 61 62 76 -1 61 76
75 -1 62 63 77 -1 62 77 76 -1 63 64 78 -1 63 78 77 -1 64 65 79 -1 64 79 78 -1
65 66 80 -1 65 80 79 -1 66 67 81 -1 66 81 80 -1 67 68 82 -1 67 82 81 -1 68 69
83 -1 68 83 82 -1 69 57 71 -1 69 71 83 -1 71 70 84 -1 71 84 85 -1 70 72 86 -1
70 86 84 -1 72 73 87 -1 72 87 86 -1 73 74 88 -1 73 88 87 -1 74 75 89 -1 74 89
88 -1 75 76 90 -1 75 90 89 -1 76 77 91 -1 76 91 90 -1 77 78 92 -1 77 92 91 -1
78 79 93 -1 78 93 92 -1 79 80 94 -1 79 94 93 -1 80 81 95 -1 80 95 94 -1 81 82
96 -1 81 96 95 -1 82 83 97 -1 82 97 96 -1 83 71 85 -1 83 85 97 -1 85 84 98 -1
85 98 99 -1 84 86 100 -1 84 100 98 -1 86 87 101 -1 86 101 100 -1 87 88 102 -1
87 102 101 -1 88 89 103 -1 88 103 102 -1 89 90 104 -1 89 104 103 -1 90 91 105
-1 90 105 104 -1 91 92 106 -1 91 106 105 -1 92 93 107 -1 92 107 106 -1 93 94
108 -1 93 108 107 -1 94 95 109 -1 94 109 108 -1 95 96 110 -1 95 110 109 -1 96
97 111 -1 96 111 110 -1 97 85 99 -1 97 99 111 -1 99 98 112 -1 99 112 113 -1
98 100 114 -1 98 114 112 -1 100 101 115 -1 100 115 114 -1 101 102 116 -1 101
116 115 -1 102 103 117 -1 102 117 116 -1 103 104 118 -1 103 118 117 -1 104 105
119 -1 104 119 118 -1 105 106 120 -1 105 120 119 -1 106 107 121 -1 106 121 120
-1 107 108 122 -1 107 122 121 -1 108 109 123 -1 108 123 122 -1 109 110 124 -1
109 124 123 -1 110 111 125 -1 110 125 124 -1 111 99 113 -1 111 113 125 -1 113
112 126 127 -1 112 114 128 126 -1 114 115 129 128 -1 115 116 130 129 -1 116
117 131 130 -1 117 118 132 131 -1 118 119 133 132 -1 119 120 134 133 -1 120
121 135 134 -1 121 122 136 135 -1 122 123 137 136 -1 123 124 138 137 -1 124
125 139 138 -1 125 113 127 139 -1 127 126 128 129 130 131 132 133 134 135 136
137 138 139 -1 26 24 22 20 18 16 14 12 10 8 6 4 1 0 -1 ]
}
}
]
}
Transform {
translation -4.67 3.721 -1.626
rotation -0.804 -0.159 -0.572 0.375
scale 0.16371 0.16848 0.18466
children [
Shape {
appearance Appearance {
material USE White_mat
}
geometry IndexedFaceSet {
solid FALSE
convex FALSE
creaseAngle 3.142
coord Coordinate {
point [ -22.29 -21.66 -.21 -22.24 -21.84 -.17 -20.36 -21.63 -.62 -20.46 -21.23
-.7 -22.2 -22 .01 -20.27 -21.96 -.22 -22.19 -22.04 .19 -20.24 -22.05 .15 -22.2
-21.99 .44 -20.27 -21.95 .71 -22.25 -21.81 .56 -20.37 -21.56 .96 -22.29 -21.66
.61 -20.46 -21.23 1.08 -22.34 -21.48 .55 -20.57 -20.84 .95 -22.38 -21.35 .48
-20.64 -20.55 .8 -22.39 -21.28 .34 -20.68 -20.4 .48 -22.4 -21.27 .18 -20.69
-20.39 .13 -22.39 -21.29 .03 -20.68 -20.43 -.17 -22.37 -21.38 -.11 -20.62
-20.64 -.49 -22.33 -21.51 -.17 -20.55 -20.9 -.62 -9.44 -18.81 -.76 -9.55 -18.41
-.84 -9.36 -19.14 -.35 -9.33 -19.23 .02 -9.36 -19.12 .57 -9.46 -18.74 .82
-9.55 -18.41 .94 -9.66 -18.02 .81 -9.73 -17.73 .66 -9.77 -17.58 .34 -9.78
-17.57 -.01 -9.77 -17.6 -.31 -9.71 -17.82 -.63 -9.64 -18.08 -.76 -8.44 -18.21
-.33 -8.54 -18.04 -.37 -8.37 -18.35 -.14 -8.34 -18.39 .03 -8.37 -18.34 .28
-8.46 -18.18 .4 -8.54 -18.04 .46 -8.63 -17.88 .4 -8.7 -17.76 .33 -8.74 -17.7
.18 -8.74 -17.69 .02 -8.73 -17.71 -.12 -8.68 -17.8 -.27 -8.62 -17.91 -.33
-4.57 -17.18 -.23 -4.67 -17.01 -.27 -4.49 -17.31 -.04 -4.47 -17.35 .13 -4.5
-17.31 .38 -4.59 -17.15 .5 -4.67 -17.01 .56 -4.76 -16.85 .5 -4.83 -16.73 .42
-4.86 -16.67 .28 -4.87 -16.66 .12 -4.86 -16.68 -.02 -4.81 -16.77 -.17 -4.75
-16.87 -.23 -2.37 -16.1 -.1 -2.5 -15.97 -.14 -2.26 -16.22 .09 -2.23 -16.25
.26 -2.26 -16.21 .51 -2.39 -16.08 .63 -2.51 -15.97 .69 -2.64 -15.84 .63 -2.73
-15.74 .55 -2.78 -15.69 .41 -2.79 -15.68 .25 -2.78 -15.7 .11 -2.71 -15.77
-.04 -2.62 -15.86 -.1 -.86 -14.81 .13 -1.01 -14.68 .09 -.74 -14.91 .32 -.7
-14.94 .49 -.74 -14.9 .75 -.88 -14.79 .86 -1.01 -14.68 .92 -1.15 -14.56 .86
-1.25 -14.48 .79 -1.31 -14.43 .64 -1.32 -14.42 .48 -1.3 -14.44 .34 -1.22 -14.5
.19 -1.13 -14.58 .13 -.14 -13.24 1.16 -.32 -13.17 1.13 0 -13.29 1.35 .05 -13.31
1.52 0 -13.29 1.78 -.17 -13.23 1.9 -.32 -13.17 1.95 -.5 -13.11 1.89 -.63 -13.06
1.82 -.7 -13.04 1.67 -.7 -13.04 1.51 -.69 -13.04 1.37 -.59 -13.08 1.22 -.47
-13.12 1.16 .65 -11.55 2.54 .46 -11.55 2.5 .81 -11.55 2.73 .85 -11.55 2.9
.8 -11.55 3.15 .61 -11.55 3.27 .46 -11.55 3.33 .27 -11.55 3.27 .13 -11.55
3.2 .06 -11.55 3.05 .05 -11.55 2.89 .07 -11.55 2.75 .17 -11.55 2.6 .3 -11.55
2.54 .98 -10.16 4.4 .79 -10.16 4.36 1.14 -10.16 4.58 1.19 -10.16 4.75 1.14
-10.16 5.01 .95 -10.16 5.13 .79 -10.16 5.18 .61 -10.16 5.12 .47 -10.16 5.05
.4 -10.16 4.9 .39 -10.16 4.74 .41 -10.16 4.6 .51 -10.16 4.46 .63 -10.16 4.4
] }
coordIndex [ 0 1 2 3 -1 1 4 5 2 -1 4 6 7 5 -1 6 8 9 7 -1 8 10 11 9 -1 10 12
13 11 -1 12 14 15 13 -1 14 16 17 15 -1 16 18 19 17 -1 18 20 21 19 -1 20 22 23
21 -1 22 24 25 23 -1 24 26 27 25 -1 26 0 3 27 -1 3 2 28 29 -1 2 5 30 28 -1 5
7 31 30 -1 7 9 32 31 -1 9 11 33 32 -1 11 13 34 33 -1 13 15 35 34 -1 15 17 36
35 -1 17 19 37 36 -1 19 21 38 37 -1 21 23 39 38 -1 23 25 40 39 -1 25 27 41 40
-1 27 3 29 41 -1 29 28 42 -1 29 42 43 -1 28 30 44 -1 28 44 42 -1 30 31 45 -1
30 45 44 -1 31 32 46 -1 31 46 45 -1 32 33 47 -1 32 47 46 -1 33 34 48 -1 33 48
47 -1 34 35 49 -1 34 49 48 -1 35 36 50 -1 35 50 49 -1 36 37 51 -1 36 51 50 -1
37 38 52 -1 37 52 51 -1 38 39 53 -1 38 53 52 -1 39 40 54 -1 39 54 53 -1 40 41
55 -1 40 55 54 -1 41 29 43 -1 41 43 55 -1 43 42 56 57 -1 42 44 58 56 -1 44 45
59 58 -1 45 46 60 59 -1 46 47 61 60 -1 47 48 62 61 -1 48 49 63 62 -1 49 50 64
63 -1 50 51 65 64 -1 51 52 66 65 -1 52 53 67 66 -1 53 54 68 67 -1 54 55 69 68
-1 55 43 57 69 -1 57 56 70 -1 57 70 71 -1 56 58 72 -1 56 72 70 -1 58 59 73 -1
58 73 72 -1 59 60 74 -1 59 74 73 -1 60 61 75 -1 60 75 74 -1 61 62 76 -1 61 76
75 -1 62 63 77 -1 62 77 76 -1 63 64 78 -1 63 78 77 -1 64 65 79 -1 64 79 78 -1
65 66 80 -1 65 80 79 -1 66 67 81 -1 66 81 80 -1 67 68 82 -1 67 82 81 -1 68 69
83 -1 68 83 82 -1 69 57 71 -1 69 71 83 -1 71 70 84 -1 71 84 85 -1 70 72 86 -1
70 86 84 -1 72 73 87 -1 72 87 86 -1 73 74 88 -1 73 88 87 -1 74 75 89 -1 74 89
88 -1 75 76 90 -1 75 90 89 -1 76 77 91 -1 76 91 90 -1 77 78 92 -1 77 92 91 -1
78 79 93 -1 78 93 92 -1 79 80 94 -1 79 94 93 -1 80 81 95 -1 80 95 94 -1 81 82
96 -1 81 96 95 -1 82 83 97 -1 82 97 96 -1 83 71 85 -1 83 85 97 -1 85 84 98 -1
85 98 99 -1 84 86 100 -1 84 100 98 -1 86 87 101 -1 86 101 100 -1 87 88 102 -1
87 102 101 -1 88 89 103 -1 88 103 102 -1 89 90 104 -1 89 104 103 -1 90 91 105
-1 90 105 104 -1 91 92 106 -1 91 106 105 -1 92 93 107 -1 92 107 106 -1 93 94
108 -1 93 108 107 -1 94 95 109 -1 94 109 108 -1 95 96 110 -1 95 110 109 -1 96
97 111 -1 96 111 110 -1 97 85 99 -1 97 99 111 -1 99 98 112 -1 99 112 113 -1
98 100 114 -1 98 114 112 -1 100 101 115 -1 100 115 114 -1 101 102 116 -1 101
116 115 -1 102 103 117 -1 102 117 116 -1 103 104 118 -1 103 118 117 -1 104 105
119 -1 104 119 118 -1 105 106 120 -1 105 120 119 -1 106 107 121 -1 106 121 120
-1 107 108 122 -1 107 122 121 -1 108 109 123 -1 108 123 122 -1 109 110 124 -1
109 124 123 -1 110 111 125 -1 110 125 124 -1 111 99 113 -1 111 113 125 -1 113
112 126 127 -1 112 114 128 126 -1 114 115 129 128 -1 115 116 130 129 -1 116
117 131 130 -1 117 118 132 131 -1 118 119 133 132 -1 119 120 134 133 -1 120
121 135 134 -1 121 122 136 135 -1 122 123 137 136 -1 123 124 138 137 -1 124
125 139 138 -1 125 113 127 139 -1 127 126 128 129 130 131 132 133 134 135 136
137 138 139 -1 26 24 22 20 18 16 14 12 10 8 6 4 1 0 -1 ]
}
}
]
}
Transform {
translation -3.905 2.643 0.0
rotation 1.0 0.0 0.0 1.571
children [
Shape {
appearance Appearance {
material USE Shiny_Black_mat
}
geometry Cylinder {
height 1.262
radius 0.417
}
}
]
}
Transform {
translation -5.739 1.499 -0.044
rotation 1.0 0.0 0.0 1.571
children [
Shape {
appearance Appearance {
material USE material2_mat
}
geometry Cylinder {
radius 0.065
}
}
]
}
Transform {
translation -9.027 2.694 -0.081
rotation 0.0 0.0 1.0 1.571
scale 0.794 1.0 1.519
children [
Shape {
appearance Appearance {
material USE Red_mat
}
geometry Cylinder {
height 0.353
radius 0.210
}
}
]
}
Transform {
translation -4.188 3.514 -0.634
rotation 0.992 0.087 0.087 1.578
scale 0.836 1.232 0.836
children [
Shape {
appearance Appearance {
texture ImageTexture {
url "hog1.jpg"
}
textureTransform TextureTransform {
scale 4.0 4.0
}
material USE White_mat
}
geometry IndexedFaceSet {
solid FALSE
convex FALSE
creaseAngle 3.142
coord Coordinate {
point [ -.25 -.16 .25 -.27 -.16 .12 -.62 -.1 .2 -.59 -.1 .36 -.13 -.16 -.14
-.45 -.1 -.11 .3 -.16 -.38 .08 -.1 -.41 .86 -.16 -.63 .77 -.1 -.72 1.17 -.16
-.69 1.15 -.1 -.8 1.43 -.16 -.69 1.46 -.1 -.79 1.59 -.16 -.64 1.66 -.1 -.73
1.7 -.16 -.55 1.79 -.1 -.62 1.79 -.16 -.38 1.9 -.1 -.41 1.8 -.16 -.19 1.92
-.1 -.18 1.68 -.16 .15 1.77 -.1 .24 1.43 -.16 .35 1.46 -.1 .48 .07 -.16 .42
-.21 -.1 .56 -.12 -.16 .4 -.44 -.1 .54 -.71 -.01 .23 -.69 -.01 .39 -.54 -.01
-.1 .02 -.01 -.42 .74 -.01 -.74 1.14 -.01 -.82 1.47 -.01 -.81 1.68 -.01 -.75
1.82 -.01 -.63 1.93 -.01 -.41 1.95 -.01 -.17 1.79 -.01 .27 1.47 -.01 .52 -.29
-.01 .61 -.53 -.01 .58 -.76 .09 .26 -.73 .09 .43 -.58 .09 -.08 0 .09 -.41
.74 .09 -.74 1.15 .09 -.82 1.49 .09 -.82 1.7 .09 -.75 1.85 .09 -.63 1.96 .09
-.4 1.99 .09 -.15 1.82 .09 .3 1.49 .09 .56 -.32 .09 .65 -.57 .09 .62 -.76
.46 .26 -.73 .46 .43 -.58 .46 -.08 0 .46 -.41 .74 .46 -.74 1.15 .46 -.82 1.49
.46 -.82 1.7 .46 -.75 1.85 .46 -.63 1.96 .46 -.4 1.99 .46 -.15 1.82 .46 .3
1.49 .46 .56 -.32 .46 .65 -.57 .46 .62 -.71 .5 .24 -.69 .5 .4 -.54 .5 -.08
0 .5 -.38 .69 .5 -.7 1.08 .5 -.77 1.4 .5 -.77 1.6 .5 -.7 1.74 .5 -.59 1.85
.5 -.38 1.87 .5 -.14 1.71 .5 .28 1.4 .5 .52 -.3 .5 .61 -.53 .5 .59 -.76 .55
.26 -.73 .55 .43 -.58 .55 -.08 0 .55 -.41 .74 .55 -.74 1.15 .55 -.82 1.49
.55 -.82 1.7 .55 -.75 1.85 .55 -.63 1.96 .55 -.4 1.99 .55 -.15 1.82 .55 .3
1.49 .55 .56 -.32 .55 .65 -.57 .55 .62 -.76 .89 .26 -.73 .89 .43 -.58 .89
-.08 0 .89 -.41 .74 .89 -.74 1.15 .89 -.82 1.49 .89 -.82 1.7 .89 -.75 1.85
.89 -.63 1.96 .89 -.4 1.99 .89 -.15 1.82 .89 .3 1.49 .89 .56 -.32 .89 .65
-.57 .89 .62 -.73 1.02 .24 -.7 1.02 .4 -.55 1.02 -.1 .02 1.02 -.42 .75 1.02
-.75 1.15 1.02 -.83 1.49 1.02 -.82 1.7 1.02 -.76 1.84 1.02 -.64 1.96 1.02
-.42 1.98 1.02 -.17 1.82 1.02 .27 1.49 1.02 .53 -.29 1.02 .62 -.54 1.02 .59
-.63 1.1 .21 -.61 1.1 .37 -.46 1.1 -.11 .08 1.1 -.42 .78 1.1 -.73 1.17 1.1
-.81 1.49 1.1 -.8 1.69 1.1 -.74 1.82 1.1 -.63 1.93 1.1 -.42 1.95 1.1 -.18
1.8 1.1 .24 1.49 1.1 .49 -.21 1.1 .58 -.45 1.1 .55 -.27 1.15 .12 -.25 1.15
.25 -.13 1.15 -.14 .3 1.15 -.38 .86 1.15 -.63 1.17 1.15 -.69 1.43 1.15 -.69
1.59 1.15 -.64 1.7 1.15 -.55 1.79 1.15 -.38 1.8 1.15 -.19 1.68 1.15 .15 1.43
1.15 .35 .07 1.15 .42 -.12 1.15 .4 ] } texCoord
TextureCoordinate { point [ 0 0 .03 0 .03 .17 0 .17 .08 0 .08 .17 .18 0 .18
.13 .29 0 .29 .09 .35 0 .35 .08 .4 0 .4 .08 .44 0 .44 .08 .46 0 .46 .08 .5
0 .5 .08 .54 0 .54 .08 .6 0 .6 .08 .67 0 .67 .09 .93 0 .93 .16 .96 0 .96 .17
1 0 1 .17 .03 .24 0 .24 .08 .23 .18 .2 .29 .15 .35 .14 .4 .14 .44 .14 .46
.14 .5 .14 .54 .14 .6 .14 .67 .15 .93 .23 .96 .23 1 .24 .03 .29 0 .29 .08
.28 .18 .26 .29 .22 .35 .2 .4 .2 .44 .2 .46 .2 .5 .2 .54 .2 .6 .21 .67 .21
.93 .28 .96 .29 1 .29 .03 .47 0 .47 .08 .47 .18 .48 .29 .46 .35 .44 .4 .43
.44 .43 .46 .43 .5 .42 .54 .42 .6 .43 .67 .44 .93 .47 .96 .47 1 .47 .03 .5
0 .5 .08 .5 .18 .5 .29 .5 .35 .5 .4 .5 .44 .5 .46 .5 .5 .5 .54 .5 .6 .5 .67
.5 .93 .5 .96 .5 1 .5 .03 .53 0 .53 .08 .53 .18 .53 .29 .55 .35 .56 .4 .57
.44 .57 .46 .57 .5 .57 .54 .57 .6 .57 .67 .57 .93 .53 .96 .53 1 .53 .03 .69
0 .69 .08 .7 .18 .73 .29 .77 .35 .78 .4 .78 .44 .78 .46 .78 .5 .78 .54 .77
.6 .77 .67 .77 .93 .7 .96 .7 1 .69 .03 .76 0 .76 .08 .77 .18 .81 .29 .85 .35
.86 .4 .86 .44 .86 .46 .85 .5 .85 .54 .85 .6 .85 .67 .85 .93 .77 .96 .76 1
.76 .03 .82 0 .82 .08 .83 .18 .87 .29 .91 .35 .92 .4 .91 .44 .91 .46 .91 .5
.91 .54 .91 .6 .9 .67 .9 .93 .84 .96 .82 1 .82 .03 1 0 1 .08 1 .18 1 .29 1
.35 1 .4 1 .44 1 .46 1 .5 1 .54 1 .6 1 .67 1 .93 1 .96 1 1 1 .01 .15 0 .26
.07 .5 .28 .72 .55 .94 .7 1 .82 1 .9 .95 .95 .87 .99 .72 1 .55 .94 .24 .82
.06 .16 0 .07 .02 ] }
coordIndex [ 0 1 2 3 -1 1 4 5 2 -1 4 6 7 5 -1 6 8 9 7 -1 8 10 11 9 -1 10 12
13 11 -1 12 14 15 13 -1 14 16 17 15 -1 16 18 19 17 -1 18 20 21 19 -1 20 22 23
21 -1 22 24 25 23 -1 24 26 27 25 -1 26 28 29 27 -1 28 0 3 29 -1 3 2 30 31 -1
2 5 32 30 -1 5 7 33 32 -1 7 9 34 33 -1 9 11 35 34 -1 11 13 36 35 -1 13 15 37
36 -1 15 17 38 37 -1 17 19 39 38 -1 19 21 40 39 -1 21 23 41 40 -1 23 25 42 41
-1 25 27 43 42 -1 27 29 44 43 -1 29 3 31 44 -1 31 30 45 46 -1 30 32 47 45 -1
32 33 48 47 -1 33 34 49 48 -1 34 35 50 49 -1 35 36 51 50 -1 36 37 52 51 -1 37
38 53 52 -1 38 39 54 53 -1 39 40 55 54 -1 40 41 56 55 -1 41 42 57 56 -1 42 43
58 57 -1 43 44 59 58 -1 44 31 46 59 -1 46 45 60 61 -1 45 47 62 60 -1 47 48 63
62 -1 48 49 64 63 -1 49 50 65 64 -1 50 51 66 65 -1 51 52 67 66 -1 52 53 68 67
-1 53 54 69 68 -1 54 55 70 69 -1 55 56 71 70 -1 56 57 72 71 -1 57 58 73 72 -1
58 59 74 73 -1 59 46 61 74 -1 61 60 75 76 -1 60 62 77 75 -1 62 63 78 77 -1 63
64 79 78 -1 64 65 80 79 -1 65 66 81 80 -1 66 67 82 81 -1 67 68 83 82 -1 68 69
84 83 -1 69 70 85 84 -1 70 71 86 85 -1 71 72 87 86 -1 72 73 88 87 -1 73 74 89
88 -1 74 61 76 89 -1 76 75 90 91 -1 75 77 92 90 -1 77 78 93 92 -1 78 79 94 93
-1 79 80 95 94 -1 80 81 96 95 -1 81 82 97 96 -1 82 83 98 97 -1 83 84 99 98 -1
84 85 100 99 -1 85 86 101 100 -1 86 87 102 101 -1 87 88 103 102 -1 88 89 104
103 -1 89 76 91 104 -1 91 90 105 106 -1 90 92 107 105 -1 92 93 108 107 -1 93
94 109 108 -1 94 95 110 109 -1 95 96 111 110 -1 96 97 112 111 -1 97 98 113 112
-1 98 99 114 113 -1 99 100 115 114 -1 100 101 116 115 -1 101 102 117 116 -1
102 103 118 117 -1 103 104 119 118 -1 104 91 106 119 -1 106 105 120 121 -1 105
107 122 120 -1 107 108 123 122 -1 108 109 124 123 -1 109 110 125 124 -1 110
111 126 125 -1 111 112 127 126 -1 112 113 128 127 -1 113 114 129 128 -1 114
115 130 129 -1 115 116 131 130 -1 116 117 132 131 -1 117 118 133 132 -1 118
119 134 133 -1 119 106 121 134 -1 121 120 135 136 -1 120 122 137 135 -1 122
123 138 137 -1 123 124 139 138 -1 124 125 140 139 -1 125 126 141 140 -1 126
127 142 141 -1 127 128 143 142 -1 128 129 144 143 -1 129 130 145 144 -1 130
131 146 145 -1 131 132 147 146 -1 132 133 148 147 -1 133 134 149 148 -1 134
121 136 149 -1 136 135 150 151 -1 135 137 152 150 -1 137 138 153 152 -1 138
139 154 153 -1 139 140 155 154 -1 140 141 156 155 -1 141 142 157 156 -1 142
143 158 157 -1 143 144 159 158 -1 144 145 160 159 -1 145 146 161 160 -1 146
147 162 161 -1 147 148 163 162 -1 148 149 164 163 -1 149 136 151 164 -1 151
150 152 153 154 155 156 157 158 159 160 161 162 163 164 -1 28 26 24 22 20 18
16 14 12 10 8 6 4 1 0 -1 ] texCoordIndex [ 0 1 2 3 -1 1 4 5 2 -1 4 6 7 5 -1
6 8 9 7 -1 8 10 11 9 -1 10 12 13 11 -1 12 14 15 13 -1 14 16 17 15 -1 16 18
19 17 -1 18 20 21 19 -1 20 22 23 21 -1 22 24 25 23 -1 24 26 27 25 -1 26 28
29 27 -1 28 30 31 29 -1 3 2 32 33 -1 2 5 34 32 -1 5 7 35 34 -1 7 9 36 35 -1
9 11 37 36 -1 11 13 38 37 -1 13 15 39 38 -1 15 17 40 39 -1 17 19 41 40 -1
19 21 42 41 -1 21 23 43 42 -1 23 25 44 43 -1 25 27 45 44 -1 27 29 46 45 -1
29 31 47 46 -1 33 32 48 49 -1 32 34 50 48 -1 34 35 51 50 -1 35 36 52 51 -1
36 37 53 52 -1 37 38 54 53 -1 38 39 55 54 -1 39 40 56 55 -1 40 41 57 56 -1
41 42 58 57 -1 42 43 59 58 -1 43 44 60 59 -1 44 45 61 60 -1 45 46 62 61 -1
46 47 63 62 -1 49 48 64 65 -1 48 50 66 64 -1 50 51 67 66 -1 51 52 68 67 -1
52 53 69 68 -1 53 54 70 69 -1 54 55 71 70 -1 55 56 72 71 -1 56 57 73 72 -1
57 58 74 73 -1 58 59 75 74 -1 59 60 76 75 -1 60 61 77 76 -1 61 62 78 77 -1
62 63 79 78 -1 65 64 80 81 -1 64 66 82 80 -1 66 67 83 82 -1 67 68 84 83 -1
68 69 85 84 -1 69 70 86 85 -1 70 71 87 86 -1 71 72 88 87 -1 72 73 89 88 -1
73 74 90 89 -1 74 75 91 90 -1 75 76 92 91 -1 76 77 93 92 -1 77 78 94 93 -1
78 79 95 94 -1 81 80 96 97 -1 80 82 98 96 -1 82 83 99 98 -1 83 84 100 99 -1
84 85 101 100 -1 85 86 102 101 -1 86 87 103 102 -1 87 88 104 103 -1 88 89
105 104 -1 89 90 106 105 -1 90 91 107 106 -1 91 92 108 107 -1 92 93 109 108
-1 93 94 110 109 -1 94 95 111 110 -1 97 96 112 113 -1 96 98 114 112 -1 98
99 115 114 -1 99 100 116 115 -1 100 101 117 116 -1 101 102 118 117 -1 102
103 119 118 -1 103 104 120 119 -1 104 105 121 120 -1 105 106 122 121 -1 106
107 123 122 -1 107 108 124 123 -1 108 109 125 124 -1 109 110 126 125 -1 110
111 127 126 -1 113 112 128 129 -1 112 114 130 128 -1 114 115 131 130 -1 115
116 132 131 -1 116 117 133 132 -1 117 118 134 133 -1 118 119 135 134 -1 119
120 136 135 -1 120 121 137 136 -1 121 122 138 137 -1 122 123 139 138 -1 123
124 140 139 -1 124 125 141 140 -1 125 126 142 141 -1 126 127 143 142 -1 129
128 144 145 -1 128 130 146 144 -1 130 131 147 146 -1 131 132 148 147 -1 132
133 149 148 -1 133 134 150 149 -1 134 135 151 150 -1 135 136 152 151 -1 136
137 153 152 -1 137 138 154 153 -1 138 139 155 154 -1 139 140 156 155 -1 140
141 157 156 -1 141 142 158 157 -1 142 143 159 158 -1 145 144 160 161 -1 144
146 162 160 -1 146 147 163 162 -1 147 148 164 163 -1 148 149 165 164 -1 149
150 166 165 -1 150 151 167 166 -1 151 152 168 167 -1 152 153 169 168 -1 153
154 170 169 -1 154 155 171 170 -1 155 156 172 171 -1 156 157 173 172 -1 157
158 174 173 -1 158 159 175 174 -1 176 177 178 179 180 181 182 183 184 185
186 187 188 189 190 -1 190 189 188 187 186 185 184 183 182 181 180 179 178
177 176 -1 ]
}
}
]
}
Transform {
translation -5.739 1.499 0.949
rotation 1.0 0.0 0.0 1.571
children [
USE Cylinder20
]
}
Transform {
translation -2.461 4.705 -0.028
rotation 0.0 0.0 1.0 0.611
children [
USE Box8
]
}
]
}
]
}
]
}
]
}
